"1-go Maja, Trzebnica, trzebnicki, dolnośląskie",Trzebnica,55-100,51.3096424,17.062596
"28b, Kruszowice, oleśnicki, dolnośląskie",Kruszowice,,51.1170162,17.50899
"Adama Mickiewicza, Dobrzykowice, wrocławski, dolnośląskie",Dobrzykowice,,51.093811,17.190866
"Akacjowa 61 B, Kiełczów, wrocławski, dolnośląskie",Kiełczów,,51.1398527,17.1790872
"Akacjowa, Brzezinka Średzka, średzki, dolnośląskie",Brzezinka Średzka,,51.2152266,16.8228416
"Akacjowa, Mokronos Górny, wrocławski, dolnośląskie",Mokronos Górny,,51.0759604,16.9191114
"Akacjowa, Wróblowice, średzki, dolnośląskie",Wróblowice,,51.1575618,16.7835683
"Aleja Sosnowa, Ligota Piękna, trzebnicki, dolnośląskie",Ligota Piękna,55-114,51.2327723,17.0454379
"Annopol, Środa Wielkopolska, wielkopolskie",,,,
"Bagno - 4km od stacji PKP w Osoli, Bagno, trzebnicki, dolnośląskie",Bagno,,51.3392058,16.8203816
"Bagno - działki pod lasem, Bagno, trzebnicki, dolnośląskie",Bagno,,51.3392058,16.8203816
"Bagno, Oborniki Śląskie, dolnośląskie",Bagno,,51.3392058,16.8203816
"Bagno, trzebnicki, Dolnośląskie",Bagno,,51.3392058,16.8203816
"Bagno, trzebnicki, dolnośląskie",Bagno,,51.3392058,16.8203816
"Bartków, Dobroszyce, dolnośląskie",Bartków,,51.3156604,17.3437905
"Bartków, oleśnicki, dolnośląskie",Bartków,,51.3156604,17.3437905
"Białe Błoto, Białe Błoto, oleśnicki, dolnośląskie",Białe Błoto,,51.3325426,17.3541628
"Białe Błoto, Dobroszyce, dolnośląskie",Białe Błoto,,51.3325426,17.3541628
"Białe Błoto, oleśnicki, Dolnośląskie",Białe Błoto,,51.3325426,17.3541628
"Białe Błoto, oleśnicki, dolnośląskie",Białe Błoto,,51.3325426,17.3541628
"Białykał, rawicki, wielkopolskie",Białykał,63-920,51.5550881,17.0563541
"Biedaszków Mały, trzebnicki, Dolnośląskie",Biedaszków Mały,,51.4023966,17.0976359
"Biedaszków Wielki, Trzebnica, dolnośląskie",Biedaszków Wielki,,51.4012042,17.1370818
"Biedaszków Wielki, trzebnicki, Dolnośląskie",Biedaszków Wielki,,51.4012042,17.1370818
"Biedaszków Wielki, trzebnicki, dolnośląskie",Biedaszków Wielki,,51.4012042,17.1370818
"Bielany Wrocławskie, Kobierzyce, dolnośląskie",Kobierzyce,55-041,50.9720586,16.9298119
"Bielany Wrocławskie, wrocławski, dolnośląskie",Bielany Wrocławskie,55-077,51.03656,16.969463
"Bielawa, Długołęka, dolnośląskie",Bielawa,,51.1603102,17.2522922
"Bielawa, wrocławski, dolnośląskie",Bielawa,,51.1603102,17.2522922
"Biestrzyków, Siechnice, dolnośląskie",Biestrzyków,,51.0348291,17.033385
"Blizocin, Trzebnica, dolnośląskie",Blizocin,,51.3688007,17.1586951
"Blizocin, trzebnicki, Dolnośląskie",Blizocin,,51.3688007,17.1586951
"Bogdaszowice, Bogdaszowice, wrocławski, dolnośląskie",Bogdaszowice,,51.085896,16.78349
"Bogdaszowice, Kąty Wrocławskie, dolnośląskie",Bogdaszowice,,51.085896,16.78349
"Bogdaszowice, wrocławski, Dolnośląskie",Bogdaszowice,,51.085896,16.78349
"Bogdaszowice, wrocławski, dolnośląskie",Bogdaszowice,,51.085896,16.78349
"Bogunów, Żórawina, dolnośląskie",Bogunów,,50.9438099,17.0200806
"Boguszyce, Oleśnica, dolnośląskie",Boguszyce,,51.24468,17.39516
"Boguszyce, oleśnicki, Dolnośląskie",Boguszyce,,51.24468,17.39516
"Boguszyce, oleśnicki, dolnośląskie",Boguszyce,,51.24468,17.39516
"Bogusławice, Oleśnica, dolnośląskie",Bogusławice,,51.2038732,17.4566184
"Bogusławice, Siechnice, dolnośląskie",Bogusławice,,50.9980344,17.1015665
"Bogusławice, oleśnicki, Dolnośląskie",Bogusławice,,51.2038732,17.4566184
"Bogusławice, oleśnicki, dolnośląskie",Bogusławice,,51.2038732,17.4566184
"Borowa, Długołęka, dolnośląskie",Borowa,,51.1905872,17.2800031
"Borowa, wrocławski, dolnośląskie",Borowa,,51.1905872,17.2800031
"Borzygniew, Mietków, dolnośląskie",Borzygniew,,50.971646,16.6306016
"Borów, trzebnicki, Dolnośląskie",Borów,,51.367537,16.850256
"Bratowice, Żórawina, dolnośląskie",Bratowice,,50.986497,17.1320476
"Brodowo, Środa Wielkopolska, wielkopolskie",Brodowo,,52.1899087,17.31923
"Brzezia Łąka, Długołęka, dolnośląskie",Brzezia Łąka,,51.1229492,17.2437672
"Brzezia Łąka, wrocławski, Dolnośląskie",Brzezia Łąka,,51.1229492,17.2437672
"Brzezia Łąka, wrocławski, dolnośląskie",Brzezia Łąka,,51.1229492,17.2437672
"Brzezina, Miękinia, dolnośląskie",Brzezina,,51.2018289,16.8321775
"Brzezina, średzki, Dolnośląskie",Brzezina,,51.2018289,16.8321775
"Brzezina, średzki, dolnośląskie",Brzezina,,51.2018289,16.8321775
"Brzezinka Średzka, średzki, Dolnośląskie",Brzezinka Średzka,,51.2152266,16.8228416
"Brzezinka Średzka, średzki, dolnośląskie",Brzezinka Średzka,,51.2152266,16.8228416
"Brzezinka, oleśnicki, Dolnośląskie",Brzezinka,,51.28374,17.44955
"Brzezinka, oleśnicki, dolnośląskie",Brzezinka,,51.28374,17.44955
"Brzezinki, oławski, Dolnośląskie",Brzezinki,,51.0892434,17.3705976
"Brzezinki, oławski, dolnośląskie",Brzezinki,,51.0892434,17.3705976
"Brzoskwiniowa, Ligota Piękna, trzebnicki, dolnośląskie",Ligota Piękna,55-114,51.2327723,17.0454379
"Brzozowa, Szczodre, wrocławski, dolnośląskie",Szczodre,55-095,51.1944026,17.1822017
"Brzyków, Trzebnica, dolnośląskie",Brzyków,,51.3549922,17.0561113
"Brzyków, trzebnicki, Dolnośląskie",Brzyków,,51.3549922,17.0561113
"Brzyków, trzebnicki, dolnośląskie",Brzyków,,51.3549922,17.0561113
"Budczyce, Zawonia, dolnośląskie",Budczyce,,51.3330091,17.1818463
"Budczyce, trzebnicki, dolnośląskie",Budczyce,,51.3330091,17.1818463
"Budziwojowice, wrocławski, Dolnośląskie",Budziwojowice,,51.2231485,17.187385
"Bukowice, milicki, Dolnośląskie",Bukowice,,51.30627,16.775808
"Bukowice, milicki, dolnośląskie",Bukowice,,51.30627,16.775808
"Bukowice, wołowski, Dolnośląskie",Bukowice,,51.30627,16.775808
"Bukowice, wołowski, dolnośląskie",Bukowice,,51.30627,16.775808
"Bukowina, wrocławski, Dolnośląskie",Bukowina,,51.2106913,17.1404313
"Bursztynowa, Długołęka, dolnośląskie",,55-093,51.1695203,17.2111084
"Byków, wrocławski, Dolnośląskie",Byków,,51.1892645,17.2367251
"Byków, wrocławski, dolnośląskie",Byków,,51.1892645,17.2367251
"Bąków, wrocławski, dolnośląskie",Bąków,,51.2122774,17.1579415
"Będkowo, Trzebnica, dolnośląskie",Będkowo,,51.2877243,17.0450465
"Błonie, Miękinia, dolnośląskie",Błonie,,51.1597124,16.7500495
"Błonie, średzki, Dolnośląskie",Błonie,,51.1597124,16.7500495
"Chełstów, Twardogóra, oleśnicki, dolnośląskie",Twardogóra,56-416,51.364557,17.469599
"Chmielów, Kostomłoty, dolnośląskie",Chmielów,,51.0714236,16.741181
"Chodlewko, trzebnicki, dolnośląskie",Chodlewko,,51.3784724,16.8771353
"Chodlweska, Korzeńsko, trzebnicki, dolnośląskie",Korzeńsko,,51.5443129,16.8707137
"Chrząstawa Mała, Czernica, dolnośląskie",Chrząstawa Mała,,51.081932,17.281738
"Chrząstawa Mała, wrocławski, Dolnośląskie",Chrząstawa Mała,,51.081932,17.281738
"Chrząstawa Mała, wrocławski, dolnośląskie",Chrząstawa Mała,,51.081932,17.281738
"Chrząstawa Wielka, Czernica, dolnośląskie",Chrząstawa Wielka,55-001,51.0948751,17.2982583
"Chrząstawa Wielka, wrocławski, Dolnośląskie",Chrząstawa Wielka,55-001,51.0948751,17.2982583
"Chrząstawa Wielka, wrocławski, dolnośląskie",Chrząstawa Wielka,55-001,51.0948751,17.2982583
"Cielętniki, trzebnicki, Dolnośląskie",Cielętniki,,51.298271,17.20989
"Cieszków, milicki, Dolnośląskie",Cieszków,,51.6338897,17.3469034
"Cieśle, oleśnicki, Dolnośląskie",Cieśle,,51.22489,17.47031
"Cieśle, oleśnicki, dolnośląskie",Cieśle,,51.22489,17.47031
"Czarne Piątkowo, Środa Wielkopolska, wielkopolskie",Czarne Piątkowo,,52.1946058,17.4009068
"Czernica, dolnośląskie",Czernica,,51.046389,17.243889
"Czeszów, Zawonia, dolnośląskie",Czeszów,,51.3797685,17.245644
"Czeszów, trzebnicki, dolnośląskie",Czeszów,,51.3797685,17.245644
"Diamentowa, Kamień, wrocławski, dolnośląskie",Kamień,,51.1662532,17.2183163
"Diamentowa, Oleśnica, dolnośląskie",,,,
"Dobra, Dobra, oleśnicki, dolnośląskie",Dobra,56-410,51.23583,17.30418
"Dobra, Dobroszyce, dolnośląskie",Dobra,56-410,51.23583,17.30418
"Dobra, Oleśnica, oleśnicki, dolnośląskie",Dobra,56-410,51.23583,17.30418
"Dobra, oleśnicki, Dolnośląskie",Dobra,56-410,51.23583,17.30418
"Dobra, oleśnicki, dolnośląskie",Dobra,56-410,51.23583,17.30418
"Dobroszyce, dolnośląskie",Dobroszyce,,51.26554,17.34535
"Dobroszyce, oleśnicki, Dolnośląskie",Dobroszyce,,51.26554,17.34535
"Dobroszyce, oleśnicki, dolnośląskie",Dobroszyce,,51.26554,17.34535
"Dobroszycka, Oleśnica, dolnośląskie",,56-400,51.22779,17.3691585
"Dobroszów Oleśnicki, wrocławski, Dolnośląskie",Dobroszów Oleśnicki,,51.21782,17.22937
"Dobroszów Oleśnicki, wrocławski, dolnośląskie",Dobroszów Oleśnicki,,51.21782,17.22937
"Dobrzykowice, Czernica, dolnośląskie",Dobrzykowice,,51.093811,17.190866
"Dobrzykowice, wrocławski, Dolnośląskie",Dobrzykowice,,51.093811,17.190866
"Dobrzykowice, wrocławski, dolnośląskie",Dobrzykowice,,51.093811,17.190866
"Domanice, Mietków, dolnośląskie",Domanice,,50.940639,16.590698
"Domaszczyn, wrocławski, Dolnośląskie",Domaszczyn,,51.188587,17.1669992
"Domaszczyn, wrocławski, dolnośląskie",Domaszczyn,,51.188587,17.1669992
"Domasław, Kobierzyce, dolnośląskie",Domasław,,51.0108924,16.9562049
"Dominowo, wielkopolskie",Dominowo,63-012,52.2915437,17.3565857
"Drogoszowice - piękna działka budowlana z lasem, Drogoszowice, oleśnicki, dolnośląskie",Drogoszowice,,51.32259,17.48165
"Drogoszowice, Twardogóra, dolnośląskie",Drogoszowice,,51.32259,17.48165
"Drogoszowice, oleśnicki, dolnośląskie",Drogoszowice,,51.32259,17.48165
"Drołtowice, Syców, dolnośląskie",Drołtowice,,51.33712,17.58535
"Droździęcin, oleśnicki, Dolnośląskie",Droździęcin,,51.4316667,17.4877778
"Drągów, oleśnicki, Dolnośląskie",Drągów,,51.411898,17.4841544
"Dworcowa, Pęgów, trzebnicki, dolnośląskie",Pęgów,,51.246604,16.93276
"Dziadowa Kłoda, dolnośląskie",Dziadowa Kłoda,56-504,51.23328,17.7076
"Działka budowlana 33 km od centrum Wrocławia, ok. Trzebnicy- Ligota, Ligota, trzebnicki, dolnośląskie",,,,
"Działki budowlane przy granicy Osolina. Obok las, Osolin, trzebnicki, dolnośląskie",Osolin,,51.3423726,16.8467905
"Działki budowlane w urokliwym miejscu, Wilkowa, trzebnicki, dolnośląskie",Wilkowa,,51.344607,16.9064661
"Działki budowlane w urokliwym miejscu, Wisznia Mała, trzebnicki, dolnośląskie",Wisznia Mała,,51.250346,17.0484111
"Działki przy granicy Osolina, obok las., Osolin, trzebnicki, dolnośląskie",,,,
"Dziuplina, oławski, Dolnośląskie",Dziuplina,,51.067604,17.336114
"Dziuplina, oławski, dolnośląskie",Dziuplina,,51.067604,17.336114
"Dąbrowa, gm. Oleśnica, oleśnicki, Dolnośląskie",Dąbrowa,56-416,51.3379757,17.4490747
"Dąbrowa, gm. Twardogóra, oleśnicki, Dolnośląskie",Dąbrowa,56-416,51.3379757,17.4490747
"Dąbrowa, oleśnicki, dolnośląskie",Dąbrowa,56-416,51.3379757,17.4490747
"Dębina, oławski, Dolnośląskie",Dębina,,51.0543431,17.3869783
"Dębno Polskie, rawicki, Wielkopolskie",Dębno Polskie,63-900,51.58506,16.88105
"Dębno Polskie, rawicki, wielkopolskie",,63-900,51.58506,16.88105
"Dębno, Dębno, trzebnicki, dolnośląskie",Dębno,,51.5582349,16.8931013
"Dębno, trzebnicki, Dolnośląskie",Dębno,,51.5582349,16.8931013
"Długołęka, dolnośląskie",Długołęka,,51.1743484,17.1933513
"Długołęka, wrocławski, Dolnośląskie",Długołęka,,51.1743484,17.1933513
"Długołęka, wrocławski, dolnośląskie",Długołęka,,51.1743484,17.1933513
"Fiołkowa, Bogdaszowice, wrocławski, dolnośląskie",Bogdaszowice,,51.085896,16.78349
"Fiołkowa, Smolec, wrocławski, dolnośląskie",Smolec,,51.0747049,16.8839452
"GMINA DŁUGOŁĘKA > PÓŁNOCNO-WSCHODNIE OKOLICE WROCŁAWIA, Godzieszowa, wrocławski, dolnośląskie",Godzieszowa,,51.2400899,17.1308524
"GMINA OBORNIKI ŚLĄSKIE > PIĘKNA OKOLICA LAS JEZIORO, Jary, trzebnicki, dolnośląskie",Jary,,51.2839213,16.8666076
"GMINA OLEŚNICA , ATRAKCYJNA LOKALIZACJA, Nieciszów, oleśnicki, dolnośląskie",Nieciszów,,51.1830347,17.3204353
"Gajków, Czernica, dolnośląskie",Gajków,,51.0581885,17.1865315
"Gajków, wrocławski, Dolnośląskie",Gajków,,51.0581885,17.1865315
"Gajków, wrocławski, dolnośląskie",Gajków,,51.0581885,17.1865315
"Garbce, trzebnicki, Dolnośląskie",Garbce,,51.5140811,16.8842895
"Garby, Krzykosy, wielkopolskie",Garby,,52.1554287,17.2885731
"Garwół, wołowski, Dolnośląskie",Garwół,,51.3507365,16.708026
"Gałów, Miękinia, dolnośląskie",Gałów,,51.1111189,16.8145917
"Gałów, średzki, Dolnośląskie",Gałów,,51.1111189,16.8145917
"Gałów, średzki, dolnośląskie",Gałów,,51.1111189,16.8145917
"Gmina Prusice - 2 miejsce w Polsce! w Rankingu PERŁY SAMORZĄDU, Skokowa, trzebnicki, dolnośląskie",Skokowa,,51.3906091,16.84881
"Gniechowice, Kąty Wrocławskie, dolnośląskie",Gniechowice,,50.9866327,16.8331179
"Godzieszowa, wrocławski, Dolnośląskie",Godzieszowa,,51.2400899,17.1308524
"Gogołowice, milicki, Dolnośląskie",Gogołowice,,51.56578,17.24454
"Gola Wielka, Twardogóra, dolnośląskie",Gola Wielka,,51.35304,17.54519
"Golędzinów, Oborniki Śląskie, dolnośląskie",Golędzinów,,51.2681253,16.9243584
"Golędzinów, trzebnicki, Dolnośląskie",Golędzinów,,51.2681253,16.9243584
"Golędzinów, trzebnicki, dolnośląskie",Golędzinów,,51.2681253,16.9243584
"Goszcz, oleśnicki, Dolnośląskie",Goszcz,,51.3942,17.48045
"Gosławice, średzki, dolnośląskie",Gosławice,,51.224082,16.825561
"Goździkowa, Dobrzykowice, wrocławski, dolnośląskie",Dobrzykowice,,51.093811,17.190866
"Grabownica, gm. Krośnice, milicki, Dolnośląskie",Grabownica,,51.5289376,17.3823625
"Grabowno Wielkie, oleśnicki, Dolnośląskie",Grabowno Wielkie,,51.3492,17.41683
"Grabowno Wielkie, oleśnicki, dolnośląskie",Grabowno Wielkie,,51.3492,17.41683
"Graniczna, Wilkszyn, średzki, dolnośląskie",Wilkszyn,,51.1912884,16.8652332
"Groblice, Siechnice, dolnośląskie",Groblice,,51.0126304,17.1745037
"Gruszeczka, milicki, dolnośląskie",Gruszeczka,,51.473056,17.1626782
"Grędzina, Jelcz-Laskowice, dolnośląskie",Grędzina,,51.091838,17.409666
"Grędzina, oławski, dolnośląskie",Grędzina,,51.091838,17.409666
"Gądów, Kąty Wrocławskie, dolnośląskie",Gądów,,51.0519532,16.9105309
"Gądów, wrocławski, Dolnośląskie",Gądów,,51.0519532,16.9105309
"Głuchów Dolny, trzebnicki, Dolnośląskie",Głuchów Dolny,,51.282505,17.118703
"Głuchów Dolny, trzebnicki, dolnośląskie",Głuchów Dolny,,51.282505,17.118703
"Główna, Brzezinki, oławski, dolnośląskie",Brzezinki,,51.0892434,17.3705976
"Główna, Głoska, średzki, dolnośląskie",Głoska,,51.2402488,16.7223444
"Holendry, Białe Błoto, oleśnicki, dolnośląskie",Białe Błoto,,51.3325426,17.3541628
"Iwiny, Siechnice, dolnośląskie",Iwiny,52-116,51.0425189,17.074719
"Iwiny/Jagodno, Iwiny, wrocławski, dolnośląskie",Iwiny,52-116,51.0425189,17.074719
"Jagoszyce, trzebnicki, dolnośląskie",Jagoszyce,55-110,51.3763321,16.9154115
"Jaksonów, Żórawina, dolnośląskie",Jaksonów,,50.9349815,16.965342
"Jana Dzierżonia, Oława, dolnośląskie",,55-200,50.9339882,17.3196885
"Janiszów, trzebnicki, dolnośląskie",Janiszów,,51.4061111,17.1236111
"Januszkowice, wrocławski, dolnośląskie",Januszkowice,,51.2218167,17.2403388
"Jary, Oborniki Śląskie, dolnośląskie",Jary,,51.2839213,16.8666076
"Jary, trzebnicki, Dolnośląskie",Jary,,51.2839213,16.8666076
"Jary, trzebnicki, dolnośląskie",Jary,,51.2839213,16.8666076
"Jarząbkowice, Jarząbkowice, średzki, dolnośląskie",Jarząbkowice,,51.102855,16.7645656
"Jarząbkowice, średzki, Dolnośląskie",Jarząbkowice,,51.102855,16.7645656
"Jaszkowo, Zaniemyśl, wielkopolskie",Jaszkowo,,52.2138868,17.1701546
"Jaszowice, Kobierzyce, dolnośląskie",Jaszowice,,50.9177599,16.8949315
"Jaśminowa 2, Borowa, wrocławski, dolnośląskie",Borowa,,51.1905872,17.2800031
"Jaśminowa, Bielawa, wrocławski, dolnośląskie",Bielawa,,51.1603102,17.2522922
"Jaźwiny, trzebnicki, dolnośląskie",Jaźwiny,,51.3668933,17.1336457
"Jenkowice, gm. Oleśnica, oleśnicki, Dolnośląskie",Jenkowice,,51.23163,17.32291
"Jenkowice, oleśnicki, dolnośląskie",Jenkowice,,51.23163,17.32291
"Jesionowa, Oleśnica, dolnośląskie",,56-400,51.2268723,17.41072
"Jeszkowice, Czernica, dolnośląskie",Jeszkowice,,51.0525853,17.2201824
"Jeziory Małe, Zaniemyśl, wielkopolskie",Jeziory Małe,,52.1673647,17.1484796
"Jordanów Śląski, dolnośląskie",Jordanów Śląski,55-065,50.8643698,16.8674551
"Juszczyn, Środa Śląska, dolnośląskie",Juszczyn,,51.154941,16.679306
"Kadłub, Miękinia, dolnośląskie",Kadłub,,51.173811,16.6962107
"Kadłub, średzki, Dolnośląskie",Kadłub,,51.173811,16.6962107
"Kalinowa 7-9, Jary, trzebnicki, dolnośląskie",Jary,,51.2839213,16.8666076
"Kalinowa, Dobrzykowice, wrocławski, dolnośląskie",Dobrzykowice,,51.093811,17.190866
"Kamieniec Wrocławski, Czernica, dolnośląskie",Kamieniec Wrocławski,55-002,51.075237,17.1735569
"Kamieniec Wrocławski, wrocławski, Dolnośląskie",Kamieniec Wrocławski,55-002,51.075237,17.1735569
"Kamieniec Wrocławski, wrocławski, dolnośląskie",Kamieniec Wrocławski,55-002,51.075237,17.1735569
"Kamień, Długołęka, dolnośląskie",Kamień,,51.1662532,17.2183163
"Kamień, wrocławski, Dolnośląskie",Kamień,,51.1662532,17.2183163
"Kamień, wrocławski, dolnośląskie",Kamień,,51.1662532,17.2183163
"Kanclerzowice, trzebnicki, Dolnośląskie",Kanclerzowice,,51.4530843,16.9555308
"Karczyce, średzki, Dolnośląskie",Karczyce,,51.102981,16.745407
"Karwiany, Żórawina, dolnośląskie",Karwiany,,51.0205164,17.0101098
"Karwiniec, Bierutów, dolnośląskie",,,51.121313,17.5440991668836
"Kaszowo, milicki, Dolnośląskie",Kaszowo,,51.5005306,17.2505731
"Kaszowo, milicki, dolnośląskie",Kaszowo,,51.5005306,17.2505731
"Kaszyce Wielkie, trzebnicki, Dolnośląskie",Kaszyce Wielkie,,51.4131434,17.0214215
"Kawiatowa, Głoska, średzki, dolnośląskie",Głoska,,51.2402488,16.7223444
"Kałowice, Zawonia, dolnośląskie",Kałowice,,51.335105,17.1452112
"Kałowice, trzebnicki, Dolnośląskie",Kałowice,,51.335105,17.1452112
"Kałowice, trzebnicki, dolnośląskie",Kałowice,,51.335105,17.1452112
"Kiełczów, Długołęka, dolnośląskie",Kiełczów,,51.1398527,17.1790872
"Kiełczów, wrocławski, dolnośląskie",Kiełczów,,51.1398527,17.1790872
"Kiełczówek, Długołęka, dolnośląskie",Kiełczówek,51-311,51.1187443,17.1878979
"Kiełczówek, wrocławski, dolnośląskie",Kiełczówek,51-311,51.1187443,17.1878979
"Kijewo, Środa Wielkopolska, wielkopolskie",Kijewo,,52.2074636,17.2817849
"Kobierzyce, dolnośląskie",Kobierzyce,,50.9720586,16.9298119
"Kobylice, Trzebnica, dolnośląskie",Kobylice,,51.3388435,17.0893349
"Kobylice, trzebnicki, Dolnośląskie",Kobylice,,51.3388435,17.0893349
"Kobylice, trzebnicki, dolnośląskie",Kobylice,,51.3388435,17.0893349
"Kobylniki, Środa Śląska, dolnośląskie",Kobylniki,,51.2270153,16.6747773
"Kolonia, Sosnówka, oleśnicki, dolnośląskie",Sosnówka,,51.316055,17.455637
"Komorniki, Środa Śląska, dolnośląskie",Komorniki,,51.1648779,16.6300488
"Komorowo, trzebnicki, Dolnośląskie",Komorowo,,51.3698532,17.0885584
"Koniowo, trzebnicki, dolnośląskie",Koniowo,,51.43195,17.07192
"Korzeńsko, trzebnicki, dolnośląskie",Korzeńsko,,51.5443129,16.8707137
"Korzeńsko, Żmigród, dolnośląskie",Korzeńsko,,51.5443129,16.8707137
"Kostomłoty, dolnośląskie",Kostomłoty (osada),,51.9723973,23.6191588
"Kotowice, Siechnice, dolnośląskie",Kotowice,,51.0239216,17.229882
"Kotowice, trzebnicki, Dolnośląskie",Kotowice,,51.2233649,16.9215651
"Kowalowo, górowski, Dolnośląskie",Kowalowo,,51.55498,16.66424
"Kościelna, Lubnów, trzebnicki, dolnośląskie",Lubnów,,51.2628931,16.8854641
"Kraszów, Międzybórz, dolnośląskie",Kraszów,,51.3827991,17.6851825
"Krościna Mała, trzebnicki, Dolnośląskie",Krościna Mała,,51.3749445,16.9436101
"Krośnice, milicki, Dolnośląskie",,56-320,51.4747222,17.38
"Kruczyn, Nowe Miasto nad Wartą, wielkopolskie",,,,
"Kryniczno, Wisznia Mała, dolnośląskie",Kryniczno,55-114,51.2074747,17.0394225
"Kryniczno, trzebnicki, Dolnośląskie",Kryniczno,55-114,51.2074747,17.0394225
"Kryniczno, trzebnicki, dolnośląskie",Kryniczno,55-114,51.2074747,17.0394225
"Kryniczno, Środa Śląska, dolnośląskie",Kryniczno,55-114,51.1301509,16.6699045
"Krzeczyn, Oleśnica, dolnośląskie",Krzeczyn,,51.1515661,17.3357155
"Krzeczyn, oleśnicki, Dolnośląskie",Krzeczyn,,51.1515661,17.3357155
"Krzeczyn, oleśnicki, dolnośląskie",Krzeczyn,,51.1515661,17.3357155
"Krzeptów, wrocławski, Dolnośląskie",Krzeptów,,51.0911241,16.8862309
"Krzeptów, wrocławski, dolnośląskie",Krzeptów,,51.0911241,16.8862309
"Krzykowska, Dobrzykowice, wrocławski, dolnośląskie",Dobrzykowice,,51.093811,17.190866
"Krzyków, Czernica, dolnośląskie",Krzyków,,51.1007749,17.2205975
"Krzyków, wrocławski, Dolnośląskie",Krzyków,,51.1007749,17.2205975
"Krzyków, wrocławski, dolnośląskie",Krzyków,,51.1007749,17.2205975
"Krzyżanowice, trzebnicki, Dolnośląskie",Krzyżanowice,,51.17417,17.0486879
"Krzyżanowice, trzebnicki, dolnośląskie",Krzyżanowice,,51.17417,17.0486879
"Krótka, Chwałowice, oławski, dolnośląskie",Chwałowice,,51.0446926,17.3833423
"Krępice, Krępice, średzki, dolnośląskie",Krępice,,51.162246,16.812383
"Krępice, Miękinia, dolnośląskie",Krępice,,51.162246,16.812383
"Krępice, średzki, Dolnośląskie",Krępice,,51.162246,16.812383
"Krępice, średzki, dolnośląskie",Krępice,,51.162246,16.812383
"Księginice, Kobierzyce, dolnośląskie",Księginice,,50.9965388,16.9818474
"Księginice, Miękinia, dolnośląskie",Księginice,,51.2390465,16.7621483
"Księginice, Trzebnica, dolnośląskie",Księginice,,51.3319777,17.0808425
"Księginice, trzebnicki, Dolnośląskie",Księginice,,51.3319777,17.0808425
"Księżycowa, Pruszowice, wrocławski, dolnośląskie",Pruszowice,51-217,51.1875643,17.1341209
"Kuklice, Kobierzyce, dolnośląskie",Kuklice,,50.9527439,16.9440061
"Kuźniczysko, Trzebnica, dolnośląskie",Kuźniczysko,,51.3778263,17.1820323
"Kuźniczysko, trzebnicki, Dolnośląskie",Kuźniczysko,,51.3778263,17.1820323
"Kuźniczysko, trzebnicki, dolnośląskie",Kuźniczysko,,51.3778263,17.1820323
"Kwiatowa, Piecowice, wrocławski, dolnośląskie",Piecowice,55-093,51.1442284,17.2175821
"Kwiatów Polnych, Krzyków, wrocławski, dolnośląskie",Krzyków,,51.1007749,17.2205975
"Kątna, wrocławski, Dolnośląskie",Kątna,,51.1323595,17.2839515
"Kąty Wrocławskie, dolnośląskie",Kąty Wrocławskie,,51.0313425,16.7633012
"Kębłowice, Kąty Wrocławskie, dolnośląskie",Kębłowice,,51.086261,16.851473
"Kębłowice, wrocławski, dolnośląskie",Kębłowice,,51.086261,16.851473
"Kędzie, trzebnicki, dolnośląskie",Kędzie,,51.5009185,16.8161391
"Kępa, wrocławski, dolnośląskie",Kępa,,51.2383415,17.2100451
"Lawendowa, Chrząstawa Wielka, wrocławski, dolnośląskie",Chrząstawa Wielka,55-001,51.0948751,17.2982583
"Lenartowice, średzki, dolnośląskie",Lenartowice,,51.2440626,16.7977011
"Letniskowa, Mietków, dolnośląskie",,55-081,50.9689117,16.620682
"Ligota Mała, Ligota Mała, oleśnicki, dolnośląskie",Ligota Mała,,51.1360089,17.3638012
"Ligota Mała, Oleśnica, dolnośląskie",Ligota Mała,,51.1360089,17.3638012
"Ligota Mała, oleśnicki, Dolnośląskie",Ligota Mała,,51.1360089,17.3638012
"Ligota Mała, oleśnicki, dolnośląskie",Ligota Mała,,51.1360089,17.3638012
"Ligota Piękna, Wisznia Mała, dolnośląskie",Ligota Piękna,55-114,51.2327723,17.0454379
"Ligota Piękna, trzebnicki, Dolnośląskie",Ligota Piękna,55-114,51.2327723,17.0454379
"Ligota Piękna, trzebnicki, dolnośląskie",Ligota Piękna,55-114,51.2327723,17.0454379
"Ligota Wielka, Oleśnica, oleśnicki, dolnośląskie",Oleśnica,56-400,51.2095314,17.3804559
"Ligota Wielka, oleśnicki, Dolnośląskie",Ligota Wielka,,51.1701681,17.3903444
"Ligota Wielka, oleśnicki, dolnośląskie",Ligota Wielka,,51.1701681,17.3903444
"Ligota, Trzebnica, dolnośląskie",Ligota,,51.3479869,17.1116904
"Ligota, trzebnicki, Dolnośląskie",Ligota,,51.3479869,17.1116904
"Ligota, trzebnicki, dolnośląskie",Ligota,,51.3479869,17.1116904
"Liliowa, Gałów, średzki, dolnośląskie",Gałów,,51.1111189,16.8145917
"Liliowa, Szewce, trzebnicki, dolnośląskie",Szewce,,51.2214868,16.9702776
"Lipnica, wołowski, Dolnośląskie",Lipnica,,51.3127468,16.6958286
"Lipowa, Kuźniczysko, trzebnicki, dolnośląskie",Kuźniczysko,,51.3778263,17.1820323
"Lubnów, Lubnów, trzebnicki, dolnośląskie",Lubnów,,51.2628931,16.8854641
"Lubnów, Oborniki Śląskie, dolnośląskie",Lubnów,,51.2628931,16.8854641
"Lubnów, trzebnicki, Dolnośląskie",Lubnów,,51.2628931,16.8854641
"Lubnów, trzebnicki, dolnośląskie",Lubnów,,51.2628931,16.8854641
"Lubonieczek, Zaniemyśl, wielkopolskie",Lubonieczek,,52.1438431,17.1963247
"Lutynia, Miękinia, dolnośląskie",Lutynia,,51.1338357,16.787684
"Lutynia, średzki, Dolnośląskie",Lutynia,,52.1010434,17.506167
"Lutynia, średzki, dolnośląskie",Lutynia,,52.1010434,17.506167
"Magnice, Kobierzyce, dolnośląskie",Magnice,,50.9893856,16.9527357
"Magnoliowa, Lutynia, średzki, dolnośląskie",Lutynia,,52.1010434,17.506167
"Malczyce, dolnośląskie",Malczyce,,51.2203518,16.493719
"Malerzów, Dobroszyce, dolnośląskie",Malerzów,,51.36241,17.3239
"Malerzów, oleśnicki, Dolnośląskie",Malerzów,,51.36241,17.3239
"Malerzów, oleśnicki, dolnośląskie",Malerzów,,51.36241,17.3239
"Malin, Wisznia Mała, dolnośląskie",Malin,,51.2172483,17.0622972
"Malin, trzebnicki, Dolnośląskie",Malin,,51.2172483,17.0622972
"Malin, trzebnicki, dolnośląskie",Malin,,51.2172483,17.0622972
"Maniów Mały, Mietków, dolnośląskie",,55-081,50.9487655,16.6515256
"Marcinowo, Trzebnica, dolnośląskie",Marcinowo,,51.3245792,17.0237069
"Marcinowo, trzebnicki, dolnośląskie",Marcinowo,,51.3245792,17.0237069
"Małkowice, Kąty Wrocławskie, dolnośląskie",Małkowice,,51.076316,16.823609
"Małkowice, wrocławski, dolnośląskie",Małkowice,,51.076316,16.823609
"Małuszyn, trzebnicki, dolnośląskie",Małuszyn,,51.335205,17.045005
"Małuszów, Kobierzyce, dolnośląskie",Małuszów,,51.0120156,16.8720351
"Michałowice, gm. Długołęka, wrocławski, Dolnośląskie",Michałowice,,51.2321506,17.2151252
"Michałowice, wrocławski, dolnośląskie",Michałowice,,51.2321506,17.2151252
"Mienice, trzebnicki, dolnośląskie",Mienice,,51.272899,17.002876
"Milejowice, Żórawina, dolnośląskie",Milejowice,,50.9635095,17.0914924
"Milicz, milicki, Dolnośląskie",Milicz,56-300,51.5306022,17.2726447
"Milicz, milicki, dolnośląskie",Milicz,56-300,51.5306022,17.2726447
"Milin, Mietków, dolnośląskie",Milin,,50.977512,16.698375
"Miodary, Dobroszyce, dolnośląskie",Miodary,,51.271137,17.398156
"Miodary, oleśnicki, Dolnośląskie",Miodary,,51.271137,17.398156
"Mirków, Długołęka, dolnośląskie",Mirków,,51.1662782,17.1588597
"Mirków, wrocławski, dolnośląskie",Mirków,,51.1662782,17.1588597
"Mirosławice, Sobótka, dolnośląskie",Mirosławice,,50.9553134,16.7839001
"Miękinia, dolnośląskie",Miękinia,32-065,50.1434726,19.6305204
"Miękinia, średzki, Dolnośląskie",Miękinia,,51.190964,16.7386851
"Miękinia, średzki, dolnośląskie",Miękinia,,51.190964,16.7386851
"Miłonowice, Zawonia, dolnośląskie",Miłonowice,,51.2766696,17.2112848
"Miłoszyce, oławski, Dolnośląskie",Miłoszyce,,51.0522032,17.3115271
"Mnichowice, Żórawina, dolnośląskie",Mnichowice,,50.982086,17.0908727
"Mokronos Dolny, Kąty Wrocławskie, dolnośląskie",Mokronos Dolny,,51.071683,16.936543
"Mokronos Górny, Kąty Wrocławskie, dolnośląskie",Mokronos Górny,,51.0759604,16.9191114
"Mokronos Górny, wrocławski, Dolnośląskie",Mokronos Górny,,51.0759604,16.9191114
"Mokronos Górny, wrocławski, dolnośląskie",Mokronos Górny,,51.0759604,16.9191114
"Mokry Dwór, wrocławski, dolnośląskie",Mokry Dwór,50-458,51.0720592,17.1236441
"Morelowa, Siechnice, dolnośląskie",,52-116,51.027124,17.0792507
"Mościsko, oławski, Dolnośląskie",,55-220,51.0538732,17.3550086
"Mrozów, Miękinia, dolnośląskie",Mrozów,55-330,51.1878008,16.7894423
"Mrozów, średzki, Dolnośląskie",Mrozów,55-330,51.1878008,16.7894423
"Mrozów, średzki, dolnośląskie",Mrozów,55-330,51.1878008,16.7894423
"Muflonowa, Myśliwska, Nadolice Wielkie, wrocławski, dolnośląskie",,55-003,51.0949754,17.2278444
"Murzynowo Leśne, Krzykosy, wielkopolskie",Murzynowo Leśne,,52.154676,17.3396886
"Mędłów, Żórawina, dolnośląskie",Mędłów,,51.0051446,17.0471112
"NOWA CENA! Świerzów - działka budowlana, Świerzów, trzebnicki, dolnośląskie",Świerzów,,51.3371,16.946563
"Nadolice Małe, Czernica, dolnośląskie",Nadolice Małe,,51.0862927,17.2207695
"Nadolice Małe, wrocławski, Dolnośląskie",Nadolice Małe,,51.0862927,17.2207695
"Nadolice Małe, wrocławski, dolnośląskie",Nadolice Małe,,51.0862927,17.2207695
"Nadolice Wielkie, Czernica, dolnośląskie",Nadolice Wielkie,55-03,51.0845173,17.2367799
"Nadolice Wielkie, Nadolice Wielkie, wrocławski, dolnośląskie",Nadolice Wielkie,55-03,51.0845173,17.2367799
"Nadolice Wielkie, Wrocław, dolnośląskie",,,,
"Nadolice Wielkie, wrocławski, Dolnośląskie",Nadolice Wielkie,55-03,51.0845173,17.2367799
"Nadolice Wielkie, wrocławski, dolnośląskie",Nadolice Wielkie,55-03,51.0845173,17.2367799
"Nieciszów, Nieciszów, oleśnicki, dolnośląskie",Nieciszów,,51.1830347,17.3204353
"Nieciszów, Oleśnica, dolnośląskie",Nieciszów,,51.1830347,17.3204353
"Nieciszów, oleśnicki, Dolnośląskie",Nieciszów,,51.1830347,17.3204353
"Nieciszów, oleśnicki, dolnośląskie",Nieciszów,,51.1830347,17.3204353
"Niedary, trzebnicki, Dolnośląskie",Niedary,,51.3192,17.23403
"Niezgoda, trzebnicki, dolnośląskie",Niezgoda,,51.5173018,17.0414449
None,,43-460,49.6789772,18.8048554
"Nowa Ligota, oleśnicki, dolnośląskie",Nowa Ligota,,51.1367028,17.407112
"Nowa Wieś Goszczańska, Twardogóra, dolnośląskie",Nowa Wieś Goszczańska,,51.41777,17.4514
"Nowa Wieś Goszczańska, oleśnicki, Dolnośląskie",Nowa Wieś Goszczańska,,51.41777,17.4514
"Nowa Wieś Goszczańska, oleśnicki, dolnośląskie",Nowa Wieś Goszczańska,,51.41777,17.4514
"Nowa Wieś Wrocławska, Kąty Wrocławskie, dolnośląskie",Nowa Wieś Wrocławska,,51.046552,16.9141961
"Nowa cena! Gmina Zawonia, działki budowlane od 1000 m2, Zawonia, trzebnicki, dolnośląskie",,,,
"Nowe Miasto nad Wartą, wielkopolskie",Nowe Miasto nad Wartą,,52.0899632,17.4115406
"Nowica, Dobroszyce, dolnośląskie",Nowica,,51.2701642,17.3671587
"Nowosiedlice, gm. Dobroszyce, oleśnicki, Dolnośląskie",Nowosiedlice,,51.2504704,17.3621296
"Nowy Śleszów, Żórawina, dolnośląskie",Nowy Śleszów,,50.933417,17.107106
"Oborniki Śląskie, Gola, trzebnicki, dolnośląskie",,55-110,51.4297103,16.8329999
"Oborniki Śląskie, dolnośląskie",Oborniki Śląskie,55-120,51.300704,16.9125929
"Oborniki Śląskie, trzebnicki, Dolnośląskie",Oborniki Śląskie,55-120,51.300704,16.9125929
"Oborniki Śląskie, trzebnicki, dolnośląskie",Oborniki Śląskie,55-120,51.300704,16.9125929
"Ogrodowa, Rościsławice, trzebnicki, dolnośląskie",Rościsławice,,51.3010364,16.8308926
"Ok. 25 km od Wrocławia, 5 km od Trzebnicy., Trzebnica, trzebnicki, dolnośląskie",Trzebnica,55-100,51.3096424,17.062596
"Okolice Wrocławia Chrząstawa Mała, Wrocław, dolnośląskie",,,,
"Okolice Wrocławia. Wilkszyn, Wilkszyn, średzki, dolnośląskie",Wilkszyn,,51.1912884,16.8652332
"Okolice Wrocławia. Wilkszyn, Wrocław, dolnośląskie",,,,
"Oleśnica, dolnośląskie",Oleśnica,56-400,51.2095314,17.3804559
"Oleśnica, oleśnicki, Dolnośląskie, Lucień",Oleśnica,,51.2001542,17.3545049
"Oleśnica, oleśnicki, Dolnośląskie, Oleśnica",Oleśnica,56-400,51.2095314,17.3804559
"Oleśnica, oleśnicki, Dolnośląskie, Rataje",Oleśnica,,51.22132555,17.3752807626042
"Oleśnica, oleśnicki, dolnośląskie",Oleśnica,56-400,51.2095314,17.3804559
"Oleśniczka, Długołęka, dolnośląskie",Oleśniczka,,51.1469694,17.2804047
"Oleśniczka, wrocławski, Dolnośląskie",Oleśniczka,,51.1469694,17.2804047
"Oleśniczka, wrocławski, dolnośląskie",Oleśniczka,,51.1469694,17.2804047
"Olszówka, oleśnicki, Dolnośląskie",Olszówka,,51.39167,17.42029
"Osiek Mały, trzebnicki, Dolnośląskie",,55-140,51.4637712,16.9844401
"Osiek, trzebnicki, Dolnośląskie",,,51.4723553,16.987251
"Osola, trzebnicki, dolnośląskie",Osola,,51.3353945,16.8662611
"Osolin - 900m km od stacji PKP, Osolin, trzebnicki, dolnośląskie",Osolin,,51.3423726,16.8467905
"Osolin, Oborniki Śląskie, dolnośląskie",Osolin,,51.3423726,16.8467905
"Osolin, trzebnicki, Dolnośląskie",Osolin,,51.3423726,16.8467905
"Osolin, trzebnicki, dolnośląskie",Osolin,,51.3423726,16.8467905
"Ostoje, rawicki, Wielkopolskie",Ostoje,,51.5703434,17.1320355
"Ostrowina, Oleśnica, dolnośląskie",Ostrowina,,51.2894406,17.5310006
"Ozorowice, Wisznia Mała, dolnośląskie",Ozorowice,,51.2378538,16.9798831
"Ozorowice, trzebnicki, Dolnośląskie",Ozorowice,,51.2378538,16.9798831
"Ozorowice, trzebnicki, dolnośląskie",Ozorowice,,51.2378538,16.9798831
"PARK KRAJOBRAZOWY DOLINA BYSTRZYCY, Wrocław, dolnośląskie",,,,
"Paniowice, Oborniki Śląskie, dolnośląskie",Paniowice,,51.2119128,16.9429035
"Paniowice, trzebnicki, Dolnośląskie",Paniowice,,51.2119128,16.9429035
"Paniowice, trzebnicki, dolnośląskie",Paniowice,,51.2119128,16.9429035
"Parkowa, Psary, trzebnicki, dolnośląskie",Psary,51-188,51.1873358,17.0320313
"Parkowa, Smolec, wrocławski, dolnośląskie",Smolec,,51.0747049,16.8839452
"Pasikurowice, Długołęka, dolnośląskie",Pasikurowice,,51.2104409,17.1051044
"Pasikurowice, wrocławski, dolnośląskie",Pasikurowice,,51.2104409,17.1051044
"Pawłów Trzebnicki, trzebnicki, Dolnośląskie",Pawłów Trzebnicki,,51.3565131,17.0264165
"Pawłów Trzebnicki, trzebnicki, dolnośląskie",Pawłów Trzebnicki,,51.3565131,17.0264165
"Pełcznica, Kąty Wrocławskie, dolnośląskie",Pełcznica,,51.0427531,16.7368633
"Pełczyce, Kobierzyce, dolnośląskie",Pełczyce,,50.9647563,16.9590291
"Piaskowa, Zawonia, trzebnicki, dolnośląskie",Zawonia,,51.3156477,17.196555
"Piecowice, Długołęka, dolnośląskie",Piecowice,55-093,51.1442284,17.2175821
"Piekary, Oborniki Śląskie, dolnośląskie",Piekary,,51.327243,16.972082
"Piersno, trzebnicki, dolnośląskie",Piersno,,51.2770152,17.1578466
"Pierwoszowska, Wisznia Mała, dolnośląskie",,55-114,51.2630169,17.0455239
"Pierwoszów, Wisznia Mała, dolnośląskie",Pierwoszów,,51.2493843,17.0773822
"Pierwoszów, trzebnicki, Dolnośląskie",Pierwoszów,,51.2493843,17.0773822
"Pierwoszów, trzebnicki, dolnośląskie",Pierwoszów,,51.2493843,17.0773822
"Pietrowice Małe, trzebnicki, dolnośląskie",Pietrowice Małe,,51.3844641,16.9553449
"Pietrzykowice, Kąty Wrocławskie, dolnośląskie",Pietrzykowice,,51.055225,16.88306
"Pietrzykowice, wrocławski, dolnośląskie",Pietrzykowice,,51.055225,16.88306
"Piotrkowiczki, Wisznia Mała, dolnośląskie",Piotrkowiczki,,51.268959,17.025697
"Piotrkowiczki, trzebnicki, Dolnośląskie",Piotrkowiczki,,51.268959,17.025697
"Piotrkowiczki, trzebnicki, dolnośląskie",Piotrkowiczki,,51.268959,17.025697
"Piotrowice, średzki, dolnośląskie",Piotrowice,,51.033176,16.676963
"Pisarzowice, Miękinia, dolnośląskie",Pisarzowice,,51.2077214,16.8516465
"Pisarzowice, średzki, Dolnośląskie",Pisarzowice,,51.2077214,16.8516465
"Pisarzowice, średzki, dolnośląskie",Pisarzowice,,51.2077214,16.8516465
"Piszkawa, oleśnicki, dolnośląskie",Piszkawa,,51.1506804,17.3053399
"Pięknie położona działka budowlana z zagajnikiem, Osolin, trzebnicki, dolnośląskie",Osolin,,51.3423726,16.8467905
"Piękocin, milicki, dolnośląskie",Piękocin,,51.5473749,17.2020301
"Piława, Mietków, dolnośląskie",Piława,,50.9846166,16.7343019
"Pogórzyno, milicki, Dolnośląskie",,,51.48397525,17.287855185279
"Polna / Brzoskwiniowa, Ligota Piękna, trzebnicki, dolnośląskie",Ligota Piękna,55-114,51.2327723,17.0454379
"Polna, Kobierzyce, dolnośląskie",,55-040,50.9680927,16.9253817
"Polna, Lubnów, trzebnicki, dolnośląskie",Lubnów,,51.2628931,16.8854641
"Polna, Zakrzyce, średzki, dolnośląskie",Zakrzyce,,51.118196,16.78355
"Polna/ Brzoskwiniowa, Ligota Piękna, trzebnicki, dolnośląskie",Ligota Piękna,55-114,51.2327723,17.0454379
"Polna/Brzoskwiniowa, Ligota Piękna, trzebnicki, dolnośląskie",Ligota Piękna,55-114,51.2327723,17.0454379
"Posadowice, oleśnicki, dolnośląskie",Posadowice,,51.073394,17.485691
"Prawocice, trzebnicki, Dolnośląskie",Prawocice,,51.2873555,17.2578263
"Prawocin, Siechnice, dolnośląskie",,55-011,51.0169073,17.1477644
"Proszkowa, wołowski, dolnośląskie",Proszkowa,,51.3777029,16.7603376
"Proszków, Środa Śląska, dolnośląskie",Proszków,,51.163636,16.5367235
"Prusice, dolnośląskie",Prusice,,51.3707663,16.9626816
"Prusice, trzebnicki, Dolnośląskie",Prusice,,51.3707663,16.9626816
"Prusice, trzebnicki, dolnośląskie",Prusice,,51.3707663,16.9626816
"Pruszowice, Długołęka, dolnośląskie",Pruszowice,51-217,51.1875643,17.1341209
"Pruszowice, wrocławski, Dolnośląskie",Pruszowice,51-217,51.1875643,17.1341209
"Pruszowice, wrocławski, dolnośląskie",Pruszowice,51-217,51.1875643,17.1341209
"Przecławice, Oborniki Śląskie, dolnośląskie",Przecławice,,51.3201717,16.9837307
"Przecławice, trzebnicki, dolnośląskie",Przecławice,,51.3201717,16.9837307
"Przedmoście, Środa Śląska, dolnośląskie",Przedmoście,,51.1890407,16.6665085
"Przedmoście, średzki, Dolnośląskie",Przedmoście,,51.1890407,16.6665085
"Przedmoście, średzki, dolnośląskie",Przedmoście,,51.1890407,16.6665085
"Prężyce, średzki, dolnośląskie",Prężyce,,51.2380435,16.8183336
"Psary, Wisznia Mała, dolnośląskie",Psary,51-188,51.1873358,17.0320313
"Psary, trzebnicki, Dolnośląskie",Psary,51-188,51.1873358,17.0320313
"Psary, trzebnicki, dolnośląskie",Psary,51-188,51.1873358,17.0320313
"Pęciszów, Zawonia, dolnośląskie",Pęciszów,,51.349956,17.184326
"Pęciszów, trzebnicki, dolnośląskie",Pęciszów,,51.349956,17.184326
"Pęgowska, Wrocław, dolnośląskie",Wrocław,51-050,51.2056341,16.964629
"Pęgów, Oborniki Śląskie, dolnośląskie",Pęgów,,51.246604,16.93276
"Pęgów, trzebnicki, Dolnośląskie",Pęgów,,51.246604,16.93276
"Pęgów, trzebnicki, dolnośląskie",Pęgów,,51.246604,16.93276
"Racławice Małe, Żórawina, dolnośląskie",Racławice Małe,,50.926443,17.0897787
"Radakowice, Miękinia, dolnośląskie",Radakowice,,51.128276,16.74056
"Radakowice, średzki, Dolnośląskie",Radakowice,,51.128276,16.74056
"Radakowice, średzki, dolnośląskie",Radakowice,,51.128276,16.74056
"Radecz, wołowski, dolnośląskie",Radecz,,51.2964705,16.7324879
"Radomierzyce, Siechnice, dolnośląskie",Radomierzyce,,51.0433533,17.040789
"Radwanice, Siechnice, dolnośląskie",Radwanice,,51.0574994,17.106757
"Radwanice, wrocławski, Dolnośląskie",Radwanice,,51.0574994,17.106757
"Radziądz, gm. Żmigród, trzebnicki, Dolnośląskie",Radziądz,,51.5112881,16.9665743
"Radziądz, trzebnicki, dolnośląskie",Radziądz,,51.5112881,16.9665743
"Radziądz, Żmigród, dolnośląskie",Radziądz,,51.5112881,16.9665743
"Rakoszyce, średzki, dolnośląskie",Rakoszyce,,51.0954149,16.6549238
"Raków, Długołęka, dolnośląskie",Raków,,51.1694618,17.2779114
"Raków, wrocławski, Dolnośląskie",Raków,,51.1694618,17.2779114
"Raków, wrocławski, dolnośląskie",Raków,,51.1694618,17.2779114
"Ramiszów, wrocławski, Dolnośląskie",Ramiszów,,51.1903658,17.1026693
"Ramiszów, wrocławski, dolnośląskie",Ramiszów,,51.1903658,17.1026693
"Ramułtowice, Kostomłoty, dolnośląskie",Ramułtowice,,51.095001,16.726766
"Ramułtowice, średzki, Dolnośląskie",Ramułtowice,,51.095001,16.726766
"Ramułtowice, średzki, dolnośląskie",Ramułtowice,,51.095001,16.726766
"Raszów, trzebnicki, Dolnośląskie",Raszów,,51.2902619,17.083672
"Ratowice, Czernica, dolnośląskie",Ratowice,,51.033105,17.2701644
"Rogoż, Wisznia Mała, dolnośląskie",Rogoż,,51.2164652,17.0234679
"Rogoż, trzebnicki, dolnośląskie",Rogoż,,51.2164652,17.0234679
"Rogów Sobócki, Sobótka, dolnośląskie",Rogów Sobócki,50-050,50.9260902,16.7594042
"Rościsławice, Oborniki Śląskie, dolnośląskie",Rościsławice,,51.3010364,16.8308926
"Rościsławice, trzebnicki, Dolnośląskie",Rościsławice,,51.3010364,16.8308926
"Rościsławice, trzebnicki, dolnośląskie",Rościsławice,,51.3010364,16.8308926
"Ręków, Sobótka, dolnośląskie",Ręków,,50.9261609,16.832861
"Sadków, Dobroszyce, dolnośląskie",Sadków,,51.3047563,17.3150544
"Sadków, Kąty Wrocławskie, dolnośląskie",Sadków,55-080,51.049655,16.834793
"Sadków, oleśnicki, Dolnośląskie",Sadków,,51.3047563,17.3150544
"Sadków, oleśnicki, dolnośląskie",Sadków,,51.3047563,17.3150544
"Sadowice, Kąty Wrocławskie, dolnośląskie",Sadowice,,51.0574435,16.8024201
"Sadowice, wrocławski, Dolnośląskie",Sadowice,,51.0574435,16.8024201
"Siechnice, dolnośląskie",Siechnice,55-011,51.0323875,17.1507275
"Siechnice, wrocławski, dolnośląskie",Siechnice,55-011,51.0323875,17.1507275
"Siedlakowice, Sobótka, dolnośląskie",Siedlakowice,,50.96442,16.794754
"Siedlec, wrocławski, Dolnośląskie",Siedlec,,51.2312709,17.1153375
"Siekierowice, Siekierowice, oleśnicki, dolnośląskie",Siekierowice,,51.26833,17.28004
"Siemianice, Oborniki Śląskie, dolnośląskie",Siemianice,,51.3199549,16.9119644
"Siemianice, trzebnicki, Dolnośląskie",Siemianice,,51.3199549,16.9119644
"Siemianice, trzebnicki, dolnośląskie",Siemianice,,51.3199549,16.9119644
"Siodłkowice, wołowski, Dolnośląskie",Siodłkowice,,51.3897832,16.7523595
"Skałka, Kąty Wrocławskie, dolnośląskie",Skałka,,51.0926849,16.8291744
"Skałka, wrocławski, Dolnośląskie",Skałka,,51.0926849,16.8291744
"Skałka, wrocławski, dolnośląskie",Skałka,,51.0926849,16.8291744
"Skokowa, trzebnicki, Dolnośląskie",Skokowa,,51.3906091,16.84881
"Skokowa, trzebnicki, dolnośląskie",Skokowa,,51.3906091,16.84881
"Skoroszów, trzebnicki, Dolnośląskie",Skoroszów,,51.4058136,17.1977161
"Skoroszów, trzebnicki, dolnośląskie",Skoroszów,,51.4058136,17.1977161
"Skotniki, Zawonia, dolnośląskie",Skotniki,,51.2866124,17.1594167
"Skotniki, trzebnicki, dolnośląskie",Skotniki,,51.2866124,17.1594167
"Smardzów, Oleśnica, dolnośląskie",Smardzów,,51.2033281,17.3297123
"Smardzów, oleśnicki, Dolnośląskie",Smardzów,,51.2033281,17.3297123
"Smardzów, oleśnicki, dolnośląskie",Smardzów,,51.2033281,17.3297123
"Smolec, Kąty Wrocławskie, dolnośląskie",Smolec,,51.0747049,16.8839452
"Smolec, Smolec, wrocławski, dolnośląskie",Smolec,,51.0747049,16.8839452
"Smolec, gm. Kąty Wrocławskie, wrocławski, Dolnośląskie",Smolec,,51.0747049,16.8839452
"Smolec, wrocławski, dolnośląskie",Smolec,,51.0747049,16.8839452
"Smolna, oleśnicki, dolnośląskie",Smolna,,51.166548,17.442724
"Sobótka, dolnośląskie",Sobótka,55-050,50.8990885,16.7445705
"Sokołowice, Oleśnica, dolnośląskie",Sokołowice,,51.24327,17.44625
"Sokołowice, oleśnicki, Dolnośląskie",Sokołowice,,51.24327,17.44625
"Sokołowice, oleśnicki, dolnośląskie",Sokołowice,,51.24327,17.44625
"Solec, Krzykosy, wielkopolskie",Solec,,52.107257,17.3271339
"Sosnówka, Twardogóra, dolnośląskie",Sosnówka,,51.316055,17.455637
"Sosnówka, oleśnicki, Dolnośląskie",Sosnówka,,51.316055,17.455637
"Sosnówka, oleśnicki, dolnośląskie",Sosnówka,,51.316055,17.455637
"Spacerowa, Domaszczyn, wrocławski, dolnośląskie",Domaszczyn,,51.188587,17.1669992
"Spacerowa, Pruszowice, wrocławski, dolnośląskie",Pruszowice,51-217,51.1875643,17.1341209
"Spacerowa, Wisznia Mała, dolnośląskie",,55-114,51.270963,17.018046
"Stanięcice, trzebnicki, Dolnośląskie",Stanięcice,55-106,51.3576813,17.2662371
"Stanięcice, trzebnicki, dolnośląskie",Stanięcice,55-106,51.3576813,17.2662371
"Stary Dwór, wołowski, dolnośląskie",Stary Dwór,,51.2668978,16.7920217
"Stary Zamek, Sobótka, dolnośląskie",Stary Zamek,,50.93143,16.805357
"Stary Śleszów, Żórawina, dolnośląskie",Stary Śleszów,,50.9343773,17.0758945
"Stawowa, Nadolice Wielkie, wrocławski, dolnośląskie",Nadolice Wielkie,55-03,51.0845173,17.2367799
"Stoszyce, wrocławski, Dolnośląskie",Stoszyce,,51.0746971,16.7791097
"Stoszyce, wrocławski, dolnośląskie",Stoszyce,,51.0746971,16.7791097
"Strupina, Prusice, dolnośląskie",Strupina,,51.389661,16.811129
"Strupina, trzebnicki, dolnośląskie",Strupina,,51.389661,16.811129
"Strzegomiany, Sobótka, dolnośląskie",Strzegomiany,,50.8807374,16.7457482
"Strzelce, Dobroszyce, dolnośląskie",Strzelce,56-410,51.2850486,17.3285802
"Strzelce, oleśnicki, dolnośląskie",Strzelce,56-410,51.2850486,17.3285802
"Strzelce-Kolonia, chełmski, lubelskie",,,51.1218841,23.2556601076737
"Strzeszów, trzebnicki, Dolnośląskie",Strzeszów,,51.2427774,17.0141445
"Stępin, wrocławski, Dolnośląskie",Stępin,,51.2133659,17.2850242
"Stępin, wrocławski, dolnośląskie",Stępin,,51.2133659,17.2850242
"Suchy Dwór, Żórawina, dolnośląskie",Suchy Dwór,,51.0215929,17.0310554
"Sulimów, Siechnice, dolnośląskie",Sulimów,,51.002181,17.126898
"Sulistrowice, Sobótka, dolnośląskie",Sulistrowice,,50.851306,16.758419
"Sulistrowiczki, Sobótka, dolnośląskie",Sulistrowiczki,,50.845894,16.7272897
"Sulisławice, trzebnicki, Dolnośląskie",Sulisławice,55-100,51.3142499,17.0886248
"Sulisławice, trzebnicki, dolnośląskie",Sulisławice,55-100,51.3142499,17.0886248
"Sulęcin, Siechnice, dolnośląskie",Sulęcin,,50.9930876,17.1492344
"Sulęcinek, Krzykosy, wielkopolskie",Sulęcinek,63-023,52.1370616,17.3087457
"Szczodre, Długołęka, dolnośląskie",Szczodre,55-095,51.1944026,17.1822017
"Szczytkowice, trzebnicki, Dolnośląskie",Szczytkowice,,51.3551277,17.0797073
"Szczytkowice, trzebnicki, dolnośląskie",Szczytkowice,,51.3551277,17.0797073
"Szewce, Wisznia Mała, dolnośląskie",Szewce,,51.2214868,16.9702776
"Szewce, trzebnicki, Dolnośląskie",Szewce,,51.2214868,16.9702776
"Szewce, trzebnicki, dolnośląskie",Szewce,,51.2214868,16.9702776
"Szkolna, Skałka, wrocławski, dolnośląskie",Skałka,,51.0926849,16.8291744
"Szkolna, Wisznia Mała, trzebnicki, dolnośląskie",Wisznia Mała,,51.250346,17.0484111
"Szukalice, Żórawina, dolnośląskie",Szukalice,,50.9978388,17.0041808
"Szymanów, trzebnicki, Dolnośląskie",Szymanów,,51.1951926,17.015325
"Szymanów, trzebnicki, dolnośląskie",Szymanów,,51.1951926,17.015325
"Sądrożyce, oleśnicki, Dolnośląskie",Sądrożyce,,51.34414,17.47505
"Sądrożyce, oleśnicki, dolnośląskie",Sądrożyce,,51.34414,17.47505
"Sątok, oleśnicki, dolnośląskie",Sątok,,51.0767747,17.4470251
"Słoneczna, Smolec, wrocławski, dolnośląskie",Smolec,,51.0747049,16.8839452
"Tarnowiec, Zawonia, dolnośląskie",Tarnowiec,,51.306137,17.187093
"Tarnowiec, trzebnicki, Dolnośląskie",Tarnowiec,,51.306137,17.187093
"Tokary, wrocławski, dolnośląskie",Tokary,,51.233088,17.1405952
"Topazowa, Długołęka, wrocławski, dolnośląskie",Długołęka,,51.1743484,17.1933513
"Topazowa, Kamieniec Wrocławski, wrocławski, dolnośląskie",Kamieniec Wrocławski,55-002,51.075237,17.1735569
"Topolowa, Szewce, trzebnicki, dolnośląskie",Szewce,,51.2214868,16.9702776
"Topolowa, Zawonia, trzebnicki, dolnośląskie",Zawonia,,51.3156477,17.196555
"Topolowa, Śliwice, wrocławski, dolnośląskie",Śliwice,,51.1273013,17.2133892
"Toya Golf, Kryniczno, trzebnicki, dolnośląskie",Kryniczno,,51.2074747,17.0394225
"Trzebisławki, Środa Wielkopolska, wielkopolskie",Trzebisławki,,52.2476771,17.1389356
"Trzebnica, dolnośląskie",Trzebnica,55-100,51.3096424,17.062596
"Trzebnica, trzebnicki, Dolnośląskie",Trzebnica,55-100,51.3096424,17.062596
"Trzebnica, trzebnicki, dolnośląskie",Trzebnica,55-100,51.3096424,17.062596
"Trzebnicka, Długołęka, wrocławski, dolnośląskie",Długołęka,,51.1743484,17.1933513
"Trzebnicka, Kryniczno, trzebnicki, dolnośląskie",Kryniczno,,51.2074747,17.0394225
"Trzebnicka, Szczodre, wrocławski, dolnośląskie",Szczodre,55-095,51.1944026,17.1822017
"Trzęsowice, trzebnicki, Dolnośląskie",Trzęsowice,,51.3638889,17.2602778
"Turów, Żórawina, dolnośląskie",Turów,,50.9947688,17.0675431
"Twardogóra, dolnośląskie",Twardogóra,56-416,51.364557,17.469599
"Twardogóra, oleśnicki, Dolnośląskie",Twardogóra,56-416,51.364557,17.469599
"Twardogóra, oleśnicki, dolnośląskie",Twardogóra,56-416,51.364557,17.469599
"Tyniec Mały, Kobierzyce, dolnośląskie",Tyniec Mały,55-041,51.0190438,16.9211387
"Tąpadła, Sobótka, dolnośląskie",,,50.8461088,16.7001697
"Udanin, dolnośląskie",Udanin,55-340,51.0375751,16.449276
"Ugoda, rawicki, Wielkopolskie",,63-904,51.5811222,16.9758502
"Ul.Topazowa, Dobrzykowice, wrocławski, dolnośląskie",Dobrzykowice,,51.093811,17.190866
"Uraz, Niziny",,,51.26277095,16.8545169177558
"Uraz, Niziny, ul. Stumilowego Lasu",,,51.26277095,16.8545169177558
"Uraz, Oborniki Śląskie, dolnośląskie",Uraz,,51.2445144,16.8533398
"Uraz, trzebnicki, dolnośląskie",Uraz,,51.2445144,16.8533398
"Uskorz Wielki, wołowski, Dolnośląskie",Uskorz Wielki,,51.3323195,16.6887851
"Utrata, Nowe Miasto nad Wartą, wielkopolskie",,,,
"Warzęgowo, wołowski, Dolnośląskie",Warzęgowo,,51.4016836,16.7376629
"Wałkowa, milicki, dolnośląskie",Wałkowa,,51.5047968,17.3100224
"Wały, wołowski, Dolnośląskie",Wały,,51.2623729,16.7753342
"Wały, wołowski, dolnośląskie",Wały,,51.2623729,16.7753342
"Wierzbice, Kobierzyce, dolnośląskie",Wierzbice,,50.9539199,16.8927922
"Wierzbowa, Gałów, średzki, dolnośląskie",Gałów,,51.1111189,16.8145917
"Wierzchowice, milicki, Dolnośląskie",,56-320,51.4555743,17.4022912
"Wierzchowice, milicki, dolnośląskie",,56-320,51.4555743,17.4022912
"Wilczków, Malczyce, dolnośląskie",Wilczków,,51.1868832,16.500609
"Wilczków, Żórawina, dolnośląskie",Wilczków,,50.9660015,16.9861019
"Wilczyce, Długołęka, dolnośląskie",Wilczyce,51-361,51.1301747,17.1535304
"Wilczyce, wrocławski, Dolnośląskie",Wilczyce,51-361,51.1301747,17.1535304
"Wilczyce, wrocławski, dolnośląskie",Wilczyce,51-361,51.1301747,17.1535304
"Wilczyn Leśny, Wilczyn, trzebnicki, dolnośląskie",Wilczyn,,51.285838,16.956929
"Wilczyn, Oborniki Śląskie, dolnośląskie",Wilczyn,,51.285838,16.956929
"Wilczyn, trzebnicki, dolnośląskie",Wilczyn,,51.285838,16.956929
"Wilkowa, Prusice, dolnośląskie",Wilkowa,,51.344607,16.9064661
"Wilkowa, trzebnicki, Dolnośląskie",Wilkowa,,51.344607,16.9064661
"Wilkowa, trzebnicki, dolnośląskie",Wilkowa,,51.344607,16.9064661
"Wilkowice, Żórawina, dolnośląskie",Wilkowice,,50.949566,17.0933204
"Wilkszyn, Miękinia, dolnośląskie",Wilkszyn,,51.1912884,16.8652332
"Wilkszyn, średzki, Dolnośląskie",Wilkszyn,,51.1912884,16.8652332
"Wilkszyn, średzki, dolnośląskie",Wilkszyn,,51.1912884,16.8652332
"Wisznia Mała, dolnośląskie",Wisznia Mała,,51.250346,17.0484111
"Wisznia Mała, trzebnicki, Dolnośląskie",Wisznia Mała,,51.250346,17.0484111
"Wisznia Mała, trzebnicki, dolnośląskie",Wisznia Mała,,51.250346,17.0484111
"Wojczyce, średzki, dolnośląskie",Wojczyce,,51.1413889,16.6852778
"Wojkowice, Żórawina, dolnośląskie",Wojkowice,,50.9801671,17.068649
"Wojnowice, Czernica, dolnośląskie",Wojnowice,55-003,51.0640207,17.2560587
"Wojnowice, Miękinia, dolnośląskie",Wojnowice,55-003,51.0640207,17.2560587
"Wojnowice, średzki, dolnośląskie",Wojnowice,55-003,51.0640207,17.2560587
"Wołów, wołowski, Dolnośląskie",Wołów,56-100,51.3375098,16.639015
"Wrocław, Dolnośląskie, Fabryczna",Legnica,,51.20957155,16.1495090105608
"Wrocław, Dolnośląskie, Krzyki",Wrocław,53-017,51.0711937,17.0043425
"Wrocław, Dolnośląskie, Psie Pole",Wrocław,51-313,51.1459988,17.114733
"Wrocław, Dolnośląskie, Stare Miasto",Wrocław,50-150,51.1107328,17.0366346
"Wrocław, Dolnośląskie, Śródmieście",Wrocław,50-150,51.1107328,17.0366346
"Wrocław, Fabryczna",Wrocław,53-609,51.1123202,16.9849992
"Wrocław, Fabryczna, Jerzmanowo",,,,
"Wrocław, Fabryczna, Jerzmanowo, ul. Gałowska",,,,
"Wrocław, Fabryczna, Jerzmanowo, ul. Jana Karola Chodkiewicza",,,,
"Wrocław, Fabryczna, Jerzmanowo, ul. Osiniecka",,,,
"Wrocław, Fabryczna, Leśnica",,,,
"Wrocław, Fabryczna, Leśnica, Ratyń",,,,
"Wrocław, Fabryczna, Leśnica, ul. Dolnobrzeska",,,,
"Wrocław, Fabryczna, Leśnica, ul. Granatowa",,,,
"Wrocław, Fabryczna, Marszowice",,,,
"Wrocław, Fabryczna, Marszowice, Wilkszyńska",,,,
"Wrocław, Fabryczna, Marszowice, ul. Krzelowska",,,,
"Wrocław, Fabryczna, Marszowice, ul. Marszowicka",,,,
"Wrocław, Fabryczna, Muchobór Wielki",,,,
"Wrocław, Fabryczna, Oporów",,,,
"Wrocław, Fabryczna, Osiniec",,,,
"Wrocław, Fabryczna, Osiniec, Osiniecka",,,,
"Wrocław, Fabryczna, Osiniecka",,,,
"Wrocław, Fabryczna, Pilczyce",Wrocław,54-320,51.1263889,16.9444444
"Wrocław, Fabryczna, Pracze Odrzańskie",,,,
"Wrocław, Fabryczna, Pracze Odrzańskie, ul. Janowska",,,,
"Wrocław, Fabryczna, Ratyń",,,,
"Wrocław, Fabryczna, Ratyń, Krajobrazowa",,,,
"Wrocław, Fabryczna, Ratyń, Logiczna",,,,
"Wrocław, Fabryczna, Ratyń, Szkolna",,,,
"Wrocław, Fabryczna, Ratyń, ul. Plenerowa",,,,
"Wrocław, Fabryczna, Rdestowa",,,,
"Wrocław, Fabryczna, Rodła",,,,
"Wrocław, Fabryczna, Strachowice",,,,
"Wrocław, Fabryczna, Strachowicka 29",,,,
"Wrocław, Fabryczna, ul. Jerzmanowska",Wrocław,53-609,51.1123202,16.9849992
"Wrocław, Fabryczna, ul. Lutyńska",Wrocław,53-609,51.1123202,16.9849992
"Wrocław, Fabryczna, ul. Strachowicka",Wrocław,53-609,51.1123202,16.9849992
"Wrocław, Krzyki",Wrocław,53-017,51.0711937,17.0043425
"Wrocław, Krzyki, Wojszyce, Iwaszkiewicza, Jarosława",,,,
"Wrocław, Psie Pole",Wrocław,51-313,51.1459988,17.114733
"Wrocław, Psie Pole, Karłowice",Wrocław,51-146,51.1374526,17.0567506
"Wrocław, Psie Pole, Kowale, ul. Ełcka",Wrocław,51-411,51.1366424,17.0814813651007
"Wrocław, Psie Pole, Lipa Piotrowska",,,,
"Wrocław, Psie Pole, Lipa Piotrowska, Szewce, ul. Polna",,,,
"Wrocław, Psie Pole, Osobowice, osobowice",,,,
"Wrocław, Psie Pole, Pawłowice",Wrocław,51-378,51.1752889,17.0854669
"Wrocław, Psie Pole, Pawłowice, ul. Starodębowa",Wrocław,51-378,51.1752889,17.0854669
"Wrocław, Psie Pole, Polanowice",,,,
"Wrocław, Psie Pole, Polanowice, Okolice Kamieńskiego",,,,
"Wrocław, Psie Pole, Sołtysowice",,,,
"Wrocław, Psie Pole, Strachocin",,,,
"Wrocław, Psie Pole, Strachocin, Rolnicza",,,,
"Wrocław, Psie Pole, Swojczyce",,,,
"Wrocław, Psie Pole, Widawa",,,,
"Wrocław, Psie Pole, Widawa, Meliorancka",,,,
"Wrocław, Psie Pole, Widawa, Przy ruchliwej drodze",,,,
"Wrocław, Psie Pole, Wojnów",,,,
"Wrocław, Psie Pole, Wojnów, ul. Błotna",,,,
"Wrocław, Psie Pole, Zakrzów, gen. Leopolda Okulickiego",,,,
"Wrocław, Psie Pole, ul. Henryka Michała Kamieńskiego",Wrocław,51-313,51.1459988,17.114733
"Wrocław, Psie Pole, ul. Parkowa",Wrocław,51-313,51.1459988,17.114733
"Wrocław, dolnośląskie",Wrocław,,51.1089776,17.0326689
"Wrocław, Śródmieście, Zalesie",,,,
"Wrocławska 21, Januszkowice, wrocławski, dolnośląskie",Januszkowice,,51.2218167,17.2403388
"Wrocławska, Długołęka, wrocławski, dolnośląskie",Długołęka,,51.1743484,17.1933513
"Wrocławska, Miękinia, dolnośląskie",Miękinia,,51.190964,16.7386851
"Wrocławska, Oborniki Śląskie, trzebnicki, dolnośląskie",Oborniki Śląskie,55-120,51.300704,16.9125929
"Wrocławska, Pisarzowice, średzki, dolnośląskie",Pisarzowice,,51.2077214,16.8516465
"Wrocławska, Smolec, wrocławski, dolnośląskie",Smolec,,51.0747049,16.8839452
"Wrocławska, Twardogóra, oleśnicki, dolnośląskie",Twardogóra,56-416,51.364557,17.469599
"Wrocławska, Uraz, trzebnicki, dolnośląskie",Uraz,,51.2445144,16.8533398
"Wróblewo, wołowski, Dolnośląskie",Wróblewo,,51.3969323,16.6613587
"Wróblowice, Miękinia, dolnośląskie",Wróblowice,,51.1575618,16.7835683
"Wróblowice, średzki, Dolnośląskie",Wróblowice,,51.1575618,16.7835683
"Wróblowice, średzki, dolnośląskie",Wróblowice,,51.1575618,16.7835683
"Wszemirów, trzebnicki, Dolnośląskie",Wszemirów,,51.3668867,16.995575
"Wysoki Kościół, Wisznia Mała, dolnośląskie",Wysoki Kościół,,51.2658394,17.0511268
"Wysoki Kościół, trzebnicki, Dolnośląskie",Wysoki Kościół,,51.2658394,17.0511268
"Wysoki Kościół, trzebnicki, dolnośląskie",Wysoki Kościół,,51.2658394,17.0511268
"Wąbnice, milicki, Dolnośląskie",Wąbnice,,51.4978531,17.3359633
"Wąsosz, górowski, Dolnośląskie",Wąsosz,56-210,51.5641,16.69307
"Zachowice, Kąty Wrocławskie, dolnośląskie",Zachowice,,50.984252,16.789669
"Zajączków, trzebnicki, dolnośląskie",Zajączków,,51.2321843,16.9431841
"Zakrzyce, Miękinia, dolnośląskie",Zakrzyce,,51.118196,16.78355
"Zakrzyce, średzki, dolnośląskie",Zakrzyce,,51.118196,16.78355
"Zaniemyśl, wielkopolskie",Zaniemyśl,63-020,52.1579942,17.1653998
"Zawonia, dolnośląskie",Zawonia,,51.3156477,17.196555
"Zawonia, trzebnicki, Dolnośląskie",Zawonia,,51.3156477,17.196555
"Zawonia, trzebnicki, dolnośląskie",Zawonia,,51.3156477,17.196555
"Zbożowa, Łany, wrocławski, dolnośląskie",Łany,,51.0833919,17.1588279
"Zbytowa, Bierutów, dolnośląskie",Zbytowa,,51.114837,17.42871
"Zbytowa, Ligota Mała, oleśnicki, dolnośląskie",Ligota Mała,,51.1360089,17.3638012
"Zielona Wieś, rawicki, Wielkopolskie",,63-900,51.5690985,16.9463252
"Zielona Wieś, rawicki, wielkopolskie",,63-900,51.5690985,16.9463252
"Zimnica, Oleśnica, dolnośląskie",Zimnica,,51.1551741,17.3881733
"Zimnica, oleśnicki, dolnośląskie",Zimnica,,51.1551741,17.3881733
"Zwola, Zaniemyśl, wielkopolskie",Zwola,,52.1448299,17.1594969
"Zębice, Siechnice, dolnośląskie",Zębice,,51.0043512,17.1522513
"Złotów, Zawonia, dolnośląskie",Złotów,55-106,51.35638,17.28252
"Złotów, trzebnicki, Dolnośląskie",Złotów,55-106,51.35638,17.28252
"Złotów, trzebnicki, dolnośląskie",Złotów,55-106,51.35638,17.28252
"al. Brzozowa, Ligota Piękna, trzebnicki, dolnośląskie",Ligota Piękna,55-114,51.2327723,17.0454379
"al. Sosnowa 35, Ligota Piękna, trzebnicki, dolnośląskie",Ligota Piękna,55-114,51.2327723,17.0454379
"dolnośląskie, Bierutów, Karwiniec",Bierutów,56-420,51.125871,17.5437303
"dolnośląskie, Bierutów, Zbytowa",Bierutów,56-420,51.125871,17.5437303
"dolnośląskie, Bierutów, oleśnicki, Rynek",Bierutów,56-420,51.125871,17.5437303
"dolnośląskie, Czernica, Chrząstawa Mała",Chrząstawa Mała,,51.081932,17.281738
"dolnośląskie, Czernica, Chrząstawa Wielka",Chrząstawa Wielka,55-001,51.0948751,17.2982583
"dolnośląskie, Czernica, Czernica",Czernica,,51.046389,17.243889
"dolnośląskie, Czernica, Czernica Dobrzykowice, Krzykowska",Dobrzykowice,,51.093811,17.190866
"dolnośląskie, Czernica, Czernica Dobrzykowice, Lawendowa",Dobrzykowice,,51.093811,17.190866
"dolnośląskie, Czernica, Czernica Dobrzykowice, Wrocławska",Dobrzykowice,,51.093811,17.190866
"dolnośląskie, Czernica, Czernica Gajków, Wrocławska",Gajków,,51.0581885,17.1865315
"dolnośląskie, Czernica, Czernica Gajków, Świerkowa",Gajków,,51.0581885,17.1865315
"dolnośląskie, Czernica, Czernica Krzyków, Jarzębinowa",Krzyków,,51.1007749,17.2205975
"dolnośląskie, Czernica, Czernica Nadolice Wielkie, Myśliwska",Nadolice Wielkie,55-03,51.0845173,17.2367799
"dolnośląskie, Czernica, Czernica Nadolice Wielkie, Stawowa",Nadolice Wielkie,55-03,51.0845173,17.2367799
"dolnośląskie, Czernica, Czernica Nadolice Wielkie, Wrocławska",Nadolice Wielkie,55-03,51.0845173,17.2367799
"dolnośląskie, Czernica, Czernica Łany, Zbożowa",Łany,,51.0833919,17.1588279
"dolnośląskie, Czernica, Czernica Łany, Łany",Łany,,51.0833919,17.1588279
"dolnośląskie, Czernica, Dobrzykowice",Dobrzykowice,,51.093811,17.190866
"dolnośląskie, Czernica, Gajków",Gajków,,51.0581885,17.1865315
"dolnośląskie, Czernica, Jeszkowice",Jeszkowice,,51.0525853,17.2201824
"dolnośląskie, Czernica, Kamieniec Wrocławski",Kamieniec Wrocławski,55-002,51.075237,17.1735569
"dolnośląskie, Czernica, Krzyków",Krzyków,,51.1007749,17.2205975
"dolnośląskie, Czernica, Nadolice Małe",Nadolice Małe,,51.0862927,17.2207695
"dolnośląskie, Czernica, Nadolice Wielkie",Nadolice Wielkie,55-03,51.0845173,17.2367799
"dolnośląskie, Czernica, Ratowice",Ratowice,,51.033105,17.2701644
"dolnośląskie, Czernica, Wojnowice",Wojnowice,55-003,51.0640207,17.2560587
"dolnośląskie, Czernica, Łany",Łany,,51.0833919,17.1588279
"dolnośląskie, Dobroszyce",Dobroszyce,,51.26554,17.34535
"dolnośląskie, Dobroszyce, Bartków",Bartków,,51.3156604,17.3437905
"dolnośląskie, Dobroszyce, Białe Błoto",Białe Błoto,,51.3325426,17.3541628
"dolnośląskie, Dobroszyce, Białe Błoto, Holendry",Białe Błoto,,51.3325426,17.3541628
"dolnośląskie, Dobroszyce, Dobra",Dobra,56-410,51.23583,17.30418
"dolnośląskie, Dobroszyce, Dobroszyce",Dobroszyce,,51.26554,17.34535
"dolnośląskie, Dobroszyce, Dobroszyce Białe Błoto, Białe Błoto",Białe Błoto,,51.3325426,17.3541628
"dolnośląskie, Dobroszyce, Dobroszyce Dobra, Dobra",Dobra,56-410,51.23583,17.30418
"dolnośląskie, Dobroszyce, Malerzów",Malerzów,,51.36241,17.3239
"dolnośląskie, Dobroszyce, Miodary",Miodary,,51.271137,17.398156
"dolnośląskie, Dobroszyce, Nowica",Nowica,,51.2701642,17.3671587
"dolnośląskie, Dobroszyce, Sadków",Sadków,,51.3047563,17.3150544
"dolnośląskie, Dobroszyce, Strzelce",Strzelce,56-410,51.2850486,17.3285802
"dolnośląskie, Dobroszyce, miasto Dobroszyce, Ogrodowa",Dobroszyce,,51.26554,17.34535
"dolnośląskie, Dobroszyce, Łuczyna",Łuczyna,,51.2986644,17.2826743
"dolnośląskie, Dziadowa Kłoda, Dziadowa Kłoda",Dziadowa Kłoda,56-504,51.23328,17.7076
"dolnośląskie, Długołęka",Długołęka,,51.1743484,17.1933513
"dolnośląskie, Długołęka, Bielawa",Bielawa,,51.1603102,17.2522922
"dolnośląskie, Długołęka, Borowa",Borowa,,51.1905872,17.2800031
"dolnośląskie, Długołęka, Bursztynowa",,55-093,51.1695203,17.2111084
"dolnośląskie, Długołęka, Byków",Byków,,51.1892645,17.2367251
"dolnośląskie, Długołęka, Długołęka",Długołęka,,51.1743484,17.1933513
"dolnośląskie, Długołęka, Długołęka Bielawa, Jaśminowa",Bielawa,,51.1603102,17.2522922
"dolnośląskie, Długołęka, Długołęka Borowa, Wrocławska",Borowa,,51.1905872,17.2800031
"dolnośląskie, Długołęka, Długołęka Brzezia Łąka, Młyńska",Brzezia Łąka,,51.1229492,17.2437672
"dolnośląskie, Długołęka, Długołęka Brzezia Łąka, Spokojna",Brzezia Łąka,,51.1229492,17.2437672
"dolnośląskie, Długołęka, Długołęka Brzezia Łąka, Wrocławska",Brzezia Łąka,,51.1229492,17.2437672
"dolnośląskie, Długołęka, Długołęka Kiełczów, Polna",Kiełczów,,51.1398527,17.1790872
"dolnośląskie, Długołęka, Długołęka Kiełczów, Rzeczna",Kiełczów,,51.1398527,17.1790872
"dolnośląskie, Długołęka, Długołęka Kiełczówek, Krokusowa",Kiełczówek,51-311,51.1187443,17.1878979
"dolnośląskie, Długołęka, Długołęka Mirków, Kiełczowska",Mirków,,51.1662782,17.1588597
"dolnośląskie, Długołęka, Długołęka Pasikurowice, Kwiatowa",Pasikurowice,,51.2104409,17.1051044
"dolnośląskie, Długołęka, Długołęka Piecowice, Kwiatowa",Piecowice,55-093,51.1442284,17.2175821
"dolnośląskie, Długołęka, Długołęka Pruszowice, Księżycowa",Pruszowice,51-217,51.1875643,17.1341209
"dolnośląskie, Długołęka, Długołęka Szczodre, Trzebnicka",Szczodre,55-095,51.1944026,17.1822017
"dolnośląskie, Długołęka, Januszkowice",Januszkowice,,51.2218167,17.2403388
"dolnośląskie, Długołęka, Kamień",Kamień,,51.1662532,17.2183163
"dolnośląskie, Długołęka, Kiełczów",Kiełczów,,51.1398527,17.1790872
"dolnośląskie, Długołęka, Kiełczówek",Kiełczówek,51-311,51.1187443,17.1878979
"dolnośląskie, Długołęka, Kwiatowa",,55-095,51.174993,17.1871372
"dolnośląskie, Długołęka, Mirków",Mirków,,51.1662782,17.1588597
"dolnośląskie, Długołęka, Oleśniczka",Oleśniczka,,51.1469694,17.2804047
"dolnośląskie, Długołęka, Pasikurowice",Pasikurowice,,51.2104409,17.1051044
"dolnośląskie, Długołęka, Piecowice",Piecowice,55-093,51.1442284,17.2175821
"dolnośląskie, Długołęka, Pruszowice",Pruszowice,51-217,51.1875643,17.1341209
"dolnośląskie, Długołęka, Raków",Raków,,51.1694618,17.2779114
"dolnośląskie, Długołęka, Siedlec",Siedlec,,51.2312709,17.1153375
"dolnośląskie, Długołęka, Stępin",Stępin,,51.2133659,17.2850242
"dolnośląskie, Długołęka, Wilczyce",Wilczyce,51-361,51.1301747,17.1535304
"dolnośląskie, Długołęka, Węgrów",Węgrów,,51.2649091,17.2199531
"dolnośląskie, Długołęka, miasto Długołęka, Rzemieślnicza",Długołęka,,51.1743484,17.1933513
"dolnośląskie, Długołęka, wrocławski, Bursztynowa",Długołęka,,51.1743484,17.1933513
"dolnośląskie, Długołęka, wrocławski, Krokusowa",Długołęka,,51.1743484,17.1933513
"dolnośląskie, Długołęka, wrocławski, Trzebnicka",Długołęka,,51.1743484,17.1933513
"dolnośląskie, Długołęka, wrocławski, Wrocławska",Długołęka,,51.1743484,17.1933513
"dolnośląskie, Długołęka, Łozina",Łozina,,51.2329899,17.1749245
"dolnośląskie, Jelcz-Laskowice, Grędzina",Grędzina,,51.091838,17.409666
"dolnośląskie, Jordanów Śląski, Glinica",Glinica,,50.859813,16.837785
"dolnośląskie, Jordanów Śląski, Jordanów Śląski",Jordanów Śląski,55-065,50.8643698,16.8674551
"dolnośląskie, Jordanów Śląski, miasto Jordanów Śląski, Glinica",Glinica,,50.859813,16.837785
"dolnośląskie, Jordanów Śląski, miasto Jordanów Śląski, Kombatantów",Jordanów Śląski,55-065,50.8643698,16.8674551
"dolnośląskie, Kobierzyce",Kobierzyce,,50.9720586,16.9298119
"dolnośląskie, Kobierzyce, Bielany Wrocławskie",Kobierzyce,,50.9720586,16.9298119
"dolnośląskie, Kobierzyce, Dobkowice",Dobkowice,,50.9245086,16.8732067
"dolnośląskie, Kobierzyce, Domasław",Domasław,,51.0108924,16.9562049
"dolnośląskie, Kobierzyce, Jaszowice",Jaszowice,,50.9177599,16.8949315
"dolnośląskie, Kobierzyce, Kobierzyce",Kobierzyce,,50.9720586,16.9298119
"dolnośląskie, Kobierzyce, Kobierzyce Bielany Wrocławskie, Logistyczna",Kobierzyce,,50.9720586,16.9298119
"dolnośląskie, Kobierzyce, Kobierzyce Bielany Wrocławskie, Wrocławska",Kobierzyce,,50.9720586,16.9298119
"dolnośląskie, Kobierzyce, Kobierzyce Domasław, Tyniecka",Domasław,,51.0108924,16.9562049
"dolnośląskie, Kobierzyce, Kobierzyce Domasław, Wrocławska",Domasław,,51.0108924,16.9562049
"dolnośląskie, Kobierzyce, Kobierzyce Kuklice, Spokojna",Kuklice,,50.9527439,16.9440061
"dolnośląskie, Kobierzyce, Kobierzyce Małuszów, Jaśminowa",Małuszów,,51.0120156,16.8720351
"dolnośląskie, Kobierzyce, Kobierzyce Wierzbice, Kątecka",Wierzbice,,50.9539199,16.8927922
"dolnośląskie, Kobierzyce, Kobierzyce Ślęza, Główna",,54-144,50.8850813,16.912674
"dolnośląskie, Kobierzyce, Księginice",Księginice,,50.9965388,16.9818474
"dolnośląskie, Kobierzyce, Kuklice",Kuklice,,50.9527439,16.9440061
"dolnośląskie, Kobierzyce, Magnice",Magnice,,50.9893856,16.9527357
"dolnośląskie, Kobierzyce, Pełczyce",Pełczyce,,50.9647563,16.9590291
"dolnośląskie, Kobierzyce, Polna",,55-040,50.9680927,16.9253817
"dolnośląskie, Kobierzyce, Spokojna",,55-040,50.9695252,16.9243823
"dolnośląskie, Kobierzyce, Tyniec Mały",Tyniec Mały,55-041,51.0190438,16.9211387
"dolnośląskie, Kobierzyce, Wierzbice",Wierzbice,,50.9539199,16.8927922
"dolnośląskie, Kobierzyce, miasto Kobierzyce, Witosa",Kobierzyce,,50.9720586,16.9298119
"dolnośląskie, Kobierzyce, Ślęza",,54-144,50.8850813,16.912674
"dolnośląskie, Kostomłoty, Chmielów",Chmielów,,51.0714236,16.741181
"dolnośląskie, Kostomłoty, Kostomłoty",Kostomłoty (osada),,51.9723973,23.6191588
"dolnośląskie, Kostomłoty, Ramułtowice",Ramułtowice,,51.095001,16.726766
"dolnośląskie, Kostomłoty, miasto Kostomłoty, Świerkowa",,55-311,51.0485753,16.6151527
"dolnośląskie, Kąty Wrocławskie",Kąty Wrocławskie,,51.0313425,16.7633012
"dolnośląskie, Kąty Wrocławskie, Bogdaszowice",Bogdaszowice,,51.085896,16.78349
"dolnośląskie, Kąty Wrocławskie, Gniechowice",Gniechowice,,50.9866327,16.8331179
"dolnośląskie, Kąty Wrocławskie, Gądów",Gądów,,51.0519532,16.9105309
"dolnośląskie, Kąty Wrocławskie, Gądów, Akacjowa",Gądów,,51.0519532,16.9105309
"dolnośląskie, Kąty Wrocławskie, Kąty Wrocławskie",Kąty Wrocławskie,,51.0313425,16.7633012
"dolnośląskie, Kąty Wrocławskie, Kąty Wrocławskie Bogdaszowice, Główna",Bogdaszowice,,51.085896,16.78349
"dolnośląskie, Kąty Wrocławskie, Kąty Wrocławskie Mokronos Dolny, Drogowców",Mokronos Dolny,,51.071683,16.936543
"dolnośląskie, Kąty Wrocławskie, Kąty Wrocławskie Mokronos Dolny, Sosnowa",Mokronos Dolny,,51.071683,16.936543
"dolnośląskie, Kąty Wrocławskie, Kąty Wrocławskie Sadków, Pod Akacjami",Sadków,55-080,51.049655,16.834793
"dolnośląskie, Kąty Wrocławskie, Kąty Wrocławskie Skałka, Skałka",Skałka,,51.0926849,16.8291744
"dolnośląskie, Kąty Wrocławskie, Kąty Wrocławskie Skałka, Szkolna",Skałka,,51.0926849,16.8291744
"dolnośląskie, Kąty Wrocławskie, Kąty Wrocławskie Smolec, Główna",Smolec,,51.0747049,16.8839452
"dolnośląskie, Kąty Wrocławskie, Kąty Wrocławskie Smolec, Słoneczna",Smolec,,51.0747049,16.8839452
"dolnośląskie, Kąty Wrocławskie, Kębłowice",Kębłowice,,51.086261,16.851473
"dolnośląskie, Kąty Wrocławskie, Małkowice",Małkowice,,51.076316,16.823609
"dolnośląskie, Kąty Wrocławskie, Mokronos Dolny",Mokronos Dolny,,51.071683,16.936543
"dolnośląskie, Kąty Wrocławskie, Mokronos Górny",Mokronos Górny,,51.0759604,16.9191114
"dolnośląskie, Kąty Wrocławskie, Nowa Wieś Wrocławska",Nowa Wieś Wrocławska,,51.046552,16.9141961
"dolnośląskie, Kąty Wrocławskie, Pełcznica",Pełcznica,,51.0427531,16.7368633
"dolnośląskie, Kąty Wrocławskie, Pietrzykowice",Pietrzykowice,,51.055225,16.88306
"dolnośląskie, Kąty Wrocławskie, Sadków",Sadków,55-080,51.049655,16.834793
"dolnośląskie, Kąty Wrocławskie, Sadowice",Sadowice,,51.0574435,16.8024201
"dolnośląskie, Kąty Wrocławskie, Skałka",Skałka,,51.0926849,16.8291744
"dolnośląskie, Kąty Wrocławskie, Smolec",Smolec,,51.0747049,16.8839452
"dolnośląskie, Kąty Wrocławskie, Zachowice",Zachowice,,50.984252,16.789669
"dolnośląskie, Malczyce, Malczyce",Malczyce,,51.2203518,16.493719
"dolnośląskie, Malczyce, Wilczków",Wilczków,,51.1868832,16.500609
"dolnośląskie, Malczyce, miasto Malczyce, 1 Maja",,55-320,51.2177257,16.4931014
"dolnośląskie, Malczyce, miasto Malczyce, Dworcowa",,55-320,51.2156931,16.4860716
"dolnośląskie, Mietków, Borzygniew",Borzygniew,,50.971646,16.6306016
"dolnośląskie, Mietków, Domanice",Domanice,,50.940639,16.590698
"dolnośląskie, Mietków, Letniskowa",,55-081,50.9689117,16.620682
"dolnośląskie, Mietków, Maniów Mały",,55-081,50.9487655,16.6515256
"dolnośląskie, Mietków, Milin",Milin,,50.977512,16.698375
"dolnośląskie, Mietków, Piława",Piława,,50.9846166,16.7343019
"dolnośląskie, Międzybórz",Międzybórz,56-413,51.397711,17.6650165
"dolnośląskie, Międzybórz, Kamień",Kamień,,51.4011111,17.58
"dolnośląskie, Międzybórz, Kraszów",Kraszów,,51.3827991,17.6851825
"dolnośląskie, Miękinia",Miękinia,,51.190964,16.7386851
"dolnośląskie, Miękinia, Brzezina",Brzezina,,51.2018289,16.8321775
"dolnośląskie, Miękinia, Brzezinka Średzka",Brzezinka Średzka,,51.2152266,16.8228416
"dolnośląskie, Miękinia, Błonie",Błonie,,51.1597124,16.7500495
"dolnośląskie, Miękinia, Gałów",Gałów,,51.1111189,16.8145917
"dolnośląskie, Miękinia, Kadłub",Kadłub,,51.173811,16.6962107
"dolnośląskie, Miękinia, Krępice",Krępice,,51.162246,16.812383
"dolnośląskie, Miękinia, Księginice",Księginice,,51.2390465,16.7621483
"dolnośląskie, Miękinia, Lutynia",Lutynia,,51.1338357,16.787684
"dolnośląskie, Miękinia, Miękinia",Miękinia,,51.190964,16.7386851
"dolnośląskie, Miękinia, Miękinia Brzezina, Brzezina",Brzezina,,51.2018289,16.8321775
"dolnośląskie, Miękinia, Miękinia Gałów, Parkowa",Gałów,,51.1111189,16.8145917
"dolnośląskie, Miękinia, Miękinia Krępice, Średzka",Krępice,,51.162246,16.812383
"dolnośląskie, Miękinia, Miękinia Lutynia, Nowa",Lutynia,,51.1338357,16.787684
"dolnośląskie, Miękinia, Miękinia Mrozów, Mrozów",Mrozów,55-330,51.1878008,16.7894423
"dolnośląskie, Miękinia, Miękinia Pisarzowice, Monte Cassino",Pisarzowice,,51.2077214,16.8516465
"dolnośląskie, Miękinia, Miękinia Pisarzowice, Wrocławska",Pisarzowice,,51.2077214,16.8516465
"dolnośląskie, Miękinia, Miękinia Wilkszyn, Graniczna",Wilkszyn,,51.1912884,16.8652332
"dolnośląskie, Miękinia, Miękinia Wilkszyn, Poprzeczna",Wilkszyn,,51.1912884,16.8652332
"dolnośląskie, Miękinia, Miękinia Zakrzyce, Główna",Zakrzyce,,51.118196,16.78355
"dolnośląskie, Miękinia, Miękinia Zakrzyce, Polna",Zakrzyce,,51.118196,16.78355
"dolnośląskie, Miękinia, Miękinia Źródła, Źródła",Źródła,,51.1605077,16.7245888
"dolnośląskie, Miękinia, Mrozów",Mrozów,55-330,51.1878008,16.7894423
"dolnośląskie, Miękinia, Pisarzowice",Pisarzowice,,51.2077214,16.8516465
"dolnośląskie, Miękinia, Radakowice",Radakowice,,51.128276,16.74056
"dolnośląskie, Miękinia, Wilkszyn",Wilkszyn,,51.1912884,16.8652332
"dolnośląskie, Miękinia, Wojnowice",Wojnowice,55-003,51.0640207,17.2560587
"dolnośląskie, Miękinia, Wrocławska",Miękinia,,51.190964,16.7386851
"dolnośląskie, Miękinia, Wróblowice",Wróblowice,,51.1575618,16.7835683
"dolnośląskie, Miękinia, Zakrzyce",Zakrzyce,,51.118196,16.78355
"dolnośląskie, Miękinia, średzki, Akacjowa",Miękinia,,51.190964,16.7386851
"dolnośląskie, Miękinia, Źródła",Źródła,,51.1605077,16.7245888
"dolnośląskie, Miękinia, Żurawiniec",Żurawiniec,,51.175549,16.814619
"dolnośląskie, Oborniki Śląskie",Oborniki Śląskie,55-120,51.300704,16.9125929
"dolnośląskie, Oborniki Śląskie, Bagno",Bagno,,51.3392058,16.8203816
"dolnośląskie, Oborniki Śląskie, Golędzinów",Golędzinów,,51.2681253,16.9243584
"dolnośląskie, Oborniki Śląskie, Jary",Jary,,51.2839213,16.8666076
"dolnośląskie, Oborniki Śląskie, Lubnów",Lubnów,,51.2628931,16.8854641
"dolnośląskie, Oborniki Śląskie, Morzęcin Mały",Morzęcin Mały,,51.3430122,16.8745448
"dolnośląskie, Oborniki Śląskie, Morzęcin Wielki",Morzęcin Wielki,,51.327408,16.899515
"dolnośląskie, Oborniki Śląskie, Oborniki Śląskie",Oborniki Śląskie,55-120,51.300704,16.9125929
"dolnośląskie, Oborniki Śląskie, Oborniki Śląskie Golędzinów, Golędzinów",Golędzinów,,51.2681253,16.9243584
"dolnośląskie, Oborniki Śląskie, Oborniki Śląskie Lubnów, Kościelna",Lubnów,,51.2628931,16.8854641
"dolnośląskie, Oborniki Śląskie, Oborniki Śląskie Wilczyn, Jadwigi",Wilczyn,,51.285838,16.956929
"dolnośląskie, Oborniki Śląskie, Osola",Osola,,51.3353945,16.8662611
"dolnośląskie, Oborniki Śląskie, Osolin",Osolin,,51.3423726,16.8467905
"dolnośląskie, Oborniki Śląskie, Paniowice",Paniowice,,51.2119128,16.9429035
"dolnośląskie, Oborniki Śląskie, Piekary",Piekary,,51.327243,16.972082
"dolnośląskie, Oborniki Śląskie, Przecławice",Przecławice,,51.3201717,16.9837307
"dolnośląskie, Oborniki Śląskie, Pęgów",Pęgów,,51.246604,16.93276
"dolnośląskie, Oborniki Śląskie, Rościsławice",Rościsławice,,51.3010364,16.8308926
"dolnośląskie, Oborniki Śląskie, Siemianice",Siemianice,,51.3199549,16.9119644
"dolnośląskie, Oborniki Śląskie, Uraz",Uraz,,51.2445144,16.8533398
"dolnośląskie, Oborniki Śląskie, Wilczyn",Wilczyn,,51.285838,16.956929
"dolnośląskie, Oborniki Śląskie, miasto Oborniki Śląskie, Świętej Jadwigi",,,,
"dolnośląskie, Oleśnica",Oleśnica,56-400,51.2095314,17.3804559
"dolnośląskie, Oleśnica, Boguszyce",Boguszyce,,51.24468,17.39516
"dolnośląskie, Oleśnica, Bogusławice",Bogusławice,,51.2038732,17.4566184
"dolnośląskie, Oleśnica, Cieśle",Cieśle,,51.22489,17.47031
"dolnośląskie, Oleśnica, Diamentowa",Oleśnica,56-400,51.2095314,17.3804559
"dolnośląskie, Oleśnica, Dobroszycka",Oleśnica,56-400,51.2095314,17.3804559
"dolnośląskie, Oleśnica, Dąbrowa",Dąbrowa,,51.2343425,17.3660002
"dolnośląskie, Oleśnica, Jesionowa",Oleśnica,56-400,51.2095314,17.3804559
"dolnośląskie, Oleśnica, Krzeczyn",Krzeczyn,,51.1515661,17.3357155
"dolnośląskie, Oleśnica, Ligota Mała",Ligota Mała,,51.1360089,17.3638012
"dolnośląskie, Oleśnica, Ligota Polska",Ligota Polska,,51.2447664,17.5414836
"dolnośląskie, Oleśnica, Nieciszów",Nieciszów,,51.1830347,17.3204353
"dolnośląskie, Oleśnica, Ostrowina",Ostrowina,,51.2894406,17.5310006
"dolnośląskie, Oleśnica, Smardzów",Smardzów,,51.2033281,17.3297123
"dolnośląskie, Oleśnica, Sokołowice",Sokołowice,,51.24327,17.44625
"dolnośląskie, Oleśnica, Zimnica",Zimnica,,51.1551741,17.3881733
"dolnośląskie, Oława, Jana Dzierżonia",,55-200,50.9339882,17.3196885
"dolnośląskie, Prusice",Prusice,,51.3707663,16.9626816
"dolnośląskie, Prusice, Gola",Gola,,51.353374,16.934333
"dolnośląskie, Prusice, Kopaszyn",Kopaszyn,,51.34481,16.9504503
"dolnośląskie, Prusice, Prusice",Prusice,,51.3707663,16.9626816
"dolnośląskie, Prusice, Wilkowa",Wilkowa,,51.344607,16.9064661
"dolnośląskie, Prusice, miasto Prusice, Rynek",Prusice,,51.3707663,16.9626816
"dolnośląskie, Prusice, Świerzów",Świerzów,,51.3371,16.946563
"dolnośląskie, Siechnice, Biestrzyków",Biestrzyków,,51.0348291,17.033385
"dolnośląskie, Siechnice, Bogusławice",Bogusławice,,50.9980344,17.1015665
"dolnośląskie, Siechnice, Groblice",Groblice,,51.0126304,17.1745037
"dolnośląskie, Siechnice, Iwiny",Iwiny,52-116,51.0425189,17.074719
"dolnośląskie, Siechnice, Kotowice",Kotowice,,51.0239216,17.229882
"dolnośląskie, Siechnice, Morelowa",,52-116,51.027124,17.0792507
"dolnośląskie, Siechnice, Prawocin",,55-011,51.0169073,17.1477644
"dolnośląskie, Siechnice, Radomierzyce",Radomierzyce,,51.0433533,17.040789
"dolnośląskie, Siechnice, Radwanice",Radwanice,,51.0574994,17.106757
"dolnośląskie, Siechnice, Siechnice",Siechnice,55-011,51.0323875,17.1507275
"dolnośląskie, Siechnice, Siechnice Groblice, Opolska",Groblice,,51.0126304,17.1745037
"dolnośląskie, Siechnice, Siechnice Groblice, Łąkowa",Groblice,,51.0126304,17.1745037
"dolnośląskie, Siechnice, Siechnice Iwiny, Chabrowa",Iwiny,52-116,51.0425189,17.074719
"dolnośląskie, Siechnice, Siechnice Kotowice, Leśna",Kotowice,,51.0239216,17.229882
"dolnośląskie, Siechnice, Siechnice Kotowice, Podwalna",Kotowice,,51.0239216,17.229882
"dolnośląskie, Siechnice, Siechnice Radomierzyce, Piaskowa",Radomierzyce,,51.0433533,17.040789
"dolnośląskie, Siechnice, Siechnice Radomierzyce, Wrocławska",Radomierzyce,,51.0433533,17.040789
"dolnośląskie, Siechnice, Siechnice Radwanice, Graniczna",Radwanice,,51.0574994,17.106757
"dolnośląskie, Siechnice, Siechnice Święta Katarzyna, Topolowa",Święta Katarzyna,55-010,51.025511,17.1156829
"dolnośląskie, Siechnice, Siechnice Żerniki Wrocławskie, Lipowa",Żerniki Wrocławskie,52-050,51.0328526,17.0569906
"dolnośląskie, Siechnice, Sulimów",Sulimów,,51.002181,17.126898
"dolnośląskie, Siechnice, Sulęcin, Sulęcin Szostakowice",Sulęcin,,50.9930876,17.1492344
"dolnośląskie, Siechnice, Zębice",Zębice,,51.0043512,17.1522513
"dolnośląskie, Siechnice, miasto Siechnice, Prawocińska",,55-011,51.0164018,17.1464692
"dolnośląskie, Siechnice, Święta Katarzyna",Święta Katarzyna,55-010,51.025511,17.1156829
"dolnośląskie, Siechnice, Żerniki Wrocławskie",Żerniki Wrocławskie,52-050,51.0328526,17.0569906
"dolnośląskie, Sobótka, Cisowa",Sobótka,55-050,50.8990885,16.7445705
"dolnośląskie, Sobótka, Mirosławice",Mirosławice,,50.9553134,16.7839001
"dolnośląskie, Sobótka, Rogów Sobócki",Rogów Sobócki,50-050,50.9260902,16.7594042
"dolnośląskie, Sobótka, Ręków",Ręków,,50.9261609,16.832861
"dolnośląskie, Sobótka, Siedlakowice",Siedlakowice,,50.96442,16.794754
"dolnośląskie, Sobótka, Sobótka",Sobótka,55-050,50.8990885,16.7445705
"dolnośląskie, Sobótka, Sobótka Rogów Sobócki, Magnoliowa",Rogów Sobócki,50-050,50.9260902,16.7594042
"dolnośląskie, Sobótka, Sobótka Rogów Sobócki, Szkolna",Rogów Sobócki,50-050,50.9260902,16.7594042
"dolnośląskie, Sobótka, Sobótka Rogów Sobócki, Wrocławska",Rogów Sobócki,50-050,50.9260902,16.7594042
"dolnośląskie, Sobótka, Sobótka Ręków, Cisowa",Ręków,,50.9261609,16.832861
"dolnośląskie, Sobótka, Sobótka Strzegomiany, Letniskowa",Strzegomiany,,50.8807374,16.7457482
"dolnośląskie, Sobótka, Stary Zamek",Stary Zamek,,50.93143,16.805357
"dolnośląskie, Sobótka, Strzegomiany",Strzegomiany,,50.8807374,16.7457482
"dolnośląskie, Sobótka, Sulistrowice",Sulistrowice,,50.851306,16.758419
"dolnośląskie, Sobótka, Sulistrowiczki",Sulistrowiczki,,50.845894,16.7272897
"dolnośląskie, Sobótka, Tąpadła",,,50.8461088,16.7001697
"dolnośląskie, Syców, Drołtowice",Drołtowice,,51.33712,17.58535
"dolnośląskie, Trzebnica, Biedaszków Wielki",Biedaszków Wielki,,51.4012042,17.1370818
"dolnośląskie, Trzebnica, Blizocin",Blizocin,,51.3688007,17.1586951
"dolnośląskie, Trzebnica, Brzyków",Brzyków,,51.3549922,17.0561113
"dolnośląskie, Trzebnica, Będkowo",Będkowo,,51.2877243,17.0450465
"dolnośląskie, Trzebnica, Kobylice",Kobylice,,51.3388435,17.0893349
"dolnośląskie, Trzebnica, Komorowo",Komorowo,,51.3698532,17.0885584
"dolnośląskie, Trzebnica, Księginice",Księginice,,51.3319777,17.0808425
"dolnośląskie, Trzebnica, Kuźniczysko",Kuźniczysko,,51.3778263,17.1820323
"dolnośląskie, Trzebnica, Ligota",Ligota,,51.3479869,17.1116904
"dolnośląskie, Trzebnica, Marcinowo",Marcinowo,,51.3245792,17.0237069
"dolnośląskie, Trzebnica, Trzebnica",Trzebnica,55-100,51.3096424,17.062596
"dolnośląskie, Trzebnica, miasto Trzebnica, 1 Maja",,55-100,51.3042135,17.0671263
"dolnośląskie, Trzebnica, miasto Trzebnica, Jaśminowa",Trzebnica,55-100,51.3096424,17.062596
"dolnośląskie, Twardogóra, Drogoszowice",Drogoszowice,,51.32259,17.48165
"dolnośląskie, Twardogóra, Gola Wielka",Gola Wielka,,51.35304,17.54519
"dolnośląskie, Twardogóra, Nowa Wieś Goszczańska",Nowa Wieś Goszczańska,,51.41777,17.4514
"dolnośląskie, Twardogóra, Sosnówka",Sosnówka,,51.316055,17.455637
"dolnośląskie, Twardogóra, Twardogóra",Twardogóra,56-416,51.364557,17.469599
"dolnośląskie, Twardogóra, miasto Twardogóra, Sosnówka",Sosnówka,,51.316055,17.455637
"dolnośląskie, Udanin, Udanin",Udanin,55-340,51.0375751,16.449276
"dolnośląskie, Wisznia Mała, Kryniczno",Kryniczno,55-114,51.2074747,17.0394225
"dolnośląskie, Wisznia Mała, Ligota Piękna",Ligota Piękna,55-114,51.2327723,17.0454379
"dolnośląskie, Wisznia Mała, Malin",Malin,,51.2172483,17.0622972
"dolnośląskie, Wisznia Mała, Ozorowice",Ozorowice,,51.2378538,16.9798831
"dolnośląskie, Wisznia Mała, Pierwoszowska",Wisznia Mała,,51.250346,17.0484111
"dolnośląskie, Wisznia Mała, Pierwoszów",Pierwoszów,,51.2493843,17.0773822
"dolnośląskie, Wisznia Mała, Piotrkowiczki",Piotrkowiczki,,51.268959,17.025697
"dolnośląskie, Wisznia Mała, Psary",Psary,51-188,51.1873358,17.0320313
"dolnośląskie, Wisznia Mała, Rogoż",Rogoż,,51.2164652,17.0234679
"dolnośląskie, Wisznia Mała, Spacerowa",Wisznia Mała,,51.250346,17.0484111
"dolnośląskie, Wisznia Mała, Szewce",Szewce,,51.2214868,16.9702776
"dolnośląskie, Wisznia Mała, Wisznia Mała",Wisznia Mała,,51.250346,17.0484111
"dolnośląskie, Wisznia Mała, Wisznia Mała Kryniczno, Trzebnicka",Kryniczno,55-114,51.2074747,17.0394225
"dolnośląskie, Wisznia Mała, Wisznia Mała Ligota Piękna, Aleja Sosnowa",Ligota Piękna,55-114,51.2327723,17.0454379
"dolnośląskie, Wisznia Mała, Wisznia Mała Ligota Piękna, Brzoskwiniowa",Ligota Piękna,55-114,51.2327723,17.0454379
"dolnośląskie, Wisznia Mała, Wisznia Mała Malin, Główna",Malin,,51.2172483,17.0622972
"dolnośląskie, Wisznia Mała, Wisznia Mała Malin, Malin",Malin,,51.2172483,17.0622972
"dolnośląskie, Wisznia Mała, Wisznia Mała Malin, Tenisowa",Malin,,51.2172483,17.0622972
"dolnośląskie, Wisznia Mała, Wisznia Mała Ozorowice, Osiedlowa",Ozorowice,,51.2378538,16.9798831
"dolnośląskie, Wisznia Mała, Wisznia Mała Ozorowice, Sportowa",Ozorowice,,51.2378538,16.9798831
"dolnośląskie, Wisznia Mała, Wisznia Mała Psary, Parkowa",Psary,51-188,51.1873358,17.0320313
"dolnośląskie, Wisznia Mała, Wysoki Kościół",Wysoki Kościół,,51.2658394,17.0511268
"dolnośląskie, Wisznia Mała, miasto Wisznia Mała, Parkowa",Wisznia Mała,,51.250346,17.0484111
"dolnośląskie, Wisznia Mała, trzebnicki, Łąkowa",Wisznia Mała,,51.250346,17.0484111
"dolnośląskie, Zawonia, Budczyce",Budczyce,,51.3330091,17.1818463
"dolnośląskie, Zawonia, Czeszów",Czeszów,,51.3797685,17.245644
"dolnośląskie, Zawonia, Kałowice",Kałowice,,51.335105,17.1452112
"dolnośląskie, Zawonia, Miłonowice",Miłonowice,,51.2766696,17.2112848
"dolnośląskie, Zawonia, Pęciszów",Pęciszów,,51.349956,17.184326
"dolnośląskie, Zawonia, Skotniki",Skotniki,,51.2866124,17.1594167
"dolnośląskie, Zawonia, Tarnowiec",Tarnowiec,,51.306137,17.187093
"dolnośląskie, Zawonia, Zawonia",Zawonia,,51.3156477,17.196555
"dolnośląskie, Zawonia, Złotów",Złotów,55-106,51.35638,17.28252
"dolnośląskie, Zawonia, miasto Zawonia, Piaskowa",Zawonia,,51.3156477,17.196555
"dolnośląskie, oleśnicki",,,51.2758659,17.5225304
"dolnośląskie, wrocławski",,55-330,51.1529589,16.7981298
"dolnośląskie, Środa Śląska",Środa Śląska,55-300,51.1638967,16.5942689
"dolnośląskie, Środa Śląska, Juszczyn",Juszczyn,,51.154941,16.679306
"dolnośląskie, Środa Śląska, Kobylniki",Kobylniki,,51.2270153,16.6747773
"dolnośląskie, Środa Śląska, Komorniki",Komorniki,,51.1648779,16.6300488
"dolnośląskie, Środa Śląska, Kryniczno",Kryniczno,,51.1301509,16.6699045
"dolnośląskie, Środa Śląska, Kulin",Kulin,,51.1029688,16.6070502
"dolnośląskie, Środa Śląska, Proszków",Proszków,,51.163636,16.5367235
"dolnośląskie, Środa Śląska, Przedmoście",Przedmoście,,51.1890407,16.6665085
"dolnośląskie, Środa Śląska, Środa Śląska",Środa Śląska,55-300,51.1638967,16.5942689
"dolnośląskie, Żmigród, Korzeńsko",Korzeńsko,,51.5443129,16.8707137
"dolnośląskie, Żmigród, Książęca",Żmigród,,51.4717386,16.9082719
"dolnośląskie, Żmigród, Radziądz",Radziądz,,51.5112881,16.9665743
"dolnośląskie, Żmigród, Żmigród",Żmigród,,51.4717386,16.9082719
"dolnośląskie, Żórawina, Bogunów",Bogunów,,50.9438099,17.0200806
"dolnośląskie, Żórawina, Bratowice",Bratowice,,50.986497,17.1320476
"dolnośląskie, Żórawina, Galowice",Galowice,,50.9810102,17.0040737
"dolnośląskie, Żórawina, Jaksonów",Jaksonów,,50.9349815,16.965342
"dolnośląskie, Żórawina, Jana III Sobieskiego",Żórawina,55-020,50.9801213,17.0405147
"dolnośląskie, Żórawina, Karwiany",Karwiany,,51.0205164,17.0101098
"dolnośląskie, Żórawina, Milejowice",Milejowice,,50.9635095,17.0914924
"dolnośląskie, Żórawina, Mnichowice",Mnichowice,,50.982086,17.0908727
"dolnośląskie, Żórawina, Mędłów",Mędłów,,51.0051446,17.0471112
"dolnośląskie, Żórawina, Nowojowice",Nowojowice,,50.9125464,17.0657323
"dolnośląskie, Żórawina, Nowy Śleszów",Nowy Śleszów,,50.933417,17.107106
"dolnośląskie, Żórawina, Racławice Małe",Racławice Małe,,50.926443,17.0897787
"dolnośląskie, Żórawina, Stary Śleszów",Stary Śleszów,,50.9343773,17.0758945
"dolnośląskie, Żórawina, Suchy Dwór",Suchy Dwór,,51.0215929,17.0310554
"dolnośląskie, Żórawina, Szukalice",Szukalice,,50.9978388,17.0041808
"dolnośląskie, Żórawina, Turów",Turów,,50.9947688,17.0675431
"dolnośląskie, Żórawina, Wilczków",Wilczków,,50.9660015,16.9861019
"dolnośląskie, Żórawina, Wilkowice",Wilkowice,,50.949566,17.0933204
"dolnośląskie, Żórawina, Wojkowice",Wojkowice,,50.9801671,17.068649
"dolnośląskie, Żórawina, miasto Żórawina, Bolesława Prusa",Żórawina,55-020,50.9801213,17.0405147
"dolnośląskie, Żórawina, wrocławski, Jana III Sobieskiego",Żórawina,55-020,50.9801213,17.0405147
"dolnośląskie, Żórawina, Żórawina",Żórawina,55-020,50.9801213,17.0405147
"dolnośląskie, Żórawina, Żórawina Suchy Dwór, Lisia",Suchy Dwór,,51.0215929,17.0310554
"dolnośląskie, Żórawina, Żórawina Suchy Dwór, Wrocławska",Suchy Dwór,,51.0215929,17.0310554
"ok. Parku, Wisznia Mała, trzebnicki, dolnośląskie",Wisznia Mała,,51.250346,17.0484111
"okolice ul. Kiełczowskiej, Kiełczów, wrocławski, dolnośląskie",Kiełczów,,51.1398527,17.1790872
"oleśnicki, Bierutów, dolnośląskie",Bierutów,56-420,51.125871,17.5437303
"oleśnicki, dolnośląskie",,,51.2758659,17.5225304
"trzebnicka, Golędzinów, trzebnicki, dolnośląskie",Golędzinów,,51.2681253,16.9243584
"trzebnicki, Wisznia Mała, dolnośląskie",Wisznia Mała,,51.250346,17.0484111
"tuż za granicą Wrocławia, Nowa Wieś Wrocławska, wrocławski, dolnośląskie",Nowa Wieś Wrocławska,,51.046552,16.9141961
"ul. Bolesława Chrobrego, Brzezina, średzki, dolnośląskie",Brzezina,,51.2018289,16.8321775
"ul. Brzozowa, Bukowice, milicki, dolnośląskie",Bukowice,,51.30627,16.775808
"ul. Bursztynowa, Kamień, wrocławski, dolnośląskie",Kamień,,51.1662532,17.2183163
"ul. Chmielna, Bogdaszowice, wrocławski, dolnośląskie",Bogdaszowice,,51.085896,16.78349
"ul. Chłopska, Smolec, wrocławski, dolnośląskie",Smolec,,51.0747049,16.8839452
"ul. Dębowa, Krzeptów, wrocławski, dolnośląskie",Krzeptów,,51.0911241,16.8862309
"ul. Dębowa, Smolec, wrocławski, dolnośląskie",Smolec,,51.0747049,16.8839452
"ul. Długa, Psary, trzebnicki, dolnośląskie",Psary,51-188,51.1873358,17.0320313
"ul. Długa, Wróblowice, średzki, dolnośląskie",Wróblowice,,51.1575618,16.7835683
"ul. Elizy Orzeszkowej, Wołów, wołowski, dolnośląskie",Wołów,56-100,51.3375098,16.639015
"ul. Gwiezdna, Pruszowice, wrocławski, dolnośląskie",Pruszowice,51-217,51.1875643,17.1341209
"ul. Główna, Krzeptów, wrocławski, dolnośląskie",Krzeptów,,51.0911241,16.8862309
"ul. Główna, Psary, trzebnicki, dolnośląskie",Psary,51-188,51.1873358,17.0320313
"ul. Henryka Łasaka, Oleśnica, oleśnicki, dolnośląskie",Oleśnica,56-400,51.2095314,17.3804559
"ul. Jagodowa, Dębno Polskie, rawicki, wielkopolskie",,63-900,51.58506,16.88105
"ul. Jagodowa, Mrozów, średzki, dolnośląskie",Mrozów,55-330,51.1878008,16.7894423
"ul. Jaśminowa, Krzyżanowice, trzebnicki, dolnośląskie",Krzyżanowice,,51.17417,17.0486879
"ul. Jaśminowa, Lutynia, średzki, dolnośląskie",Lutynia,,52.1010434,17.506167
"ul. Juliana Tuwima, Dobrzykowice, wrocławski, dolnośląskie",Dobrzykowice,,51.093811,17.190866
"ul. Kasztanowa 2, Januszkowice, wrocławski, dolnośląskie",Januszkowice,,51.2218167,17.2403388
"ul. Kasztanowa 4, Januszkowice, wrocławski, dolnośląskie",Januszkowice,,51.2218167,17.2403388
"ul. Klonowa, Januszkowice, wrocławski, dolnośląskie",Januszkowice,,51.2218167,17.2403388
"ul. Lawendowa, Smolec, wrocławski, dolnośląskie",Smolec,,51.0747049,16.8839452
"ul. Leśna, Dobrzykowice, wrocławski, dolnośląskie",Dobrzykowice,,51.093811,17.190866
"ul. Leśna, Krępice, średzki, dolnośląskie",Krępice,,51.162246,16.812383
"ul. Leśna, Pierwoszów, trzebnicki, dolnośląskie",Pierwoszów,,51.2493843,17.0773822
"ul. Liliowa, Szewce, trzebnicki, dolnośląskie",Szewce,,51.2214868,16.9702776
"ul. Lipowa, Nadolice Wielkie, wrocławski, dolnośląskie",Nadolice Wielkie,55-03,51.0845173,17.2367799
"ul. Ludwikowska, Oleśnica, oleśnicki, dolnośląskie",Oleśnica,56-400,51.2095314,17.3804559
"ul. Malinowa, Kamieniec Wrocławski, wrocławski, dolnośląskie",Kamieniec Wrocławski,55-002,51.075237,17.1735569
"ul. Nowego Osiedla, Łozina, wrocławski, dolnośląskie",Łozina,,51.2329899,17.1749245
"ul. Oleśnicka, Dobroszyce, oleśnicki, dolnośląskie",Dobroszyce,,51.26554,17.34535
"ul. Parkowa, Gałów, średzki, dolnośląskie",Gałów,,51.1111189,16.8145917
"ul. Parkowa, Psary, trzebnicki, dolnośląskie",Psary,51-188,51.1873358,17.0320313
"ul. Parkowa, Smolec, wrocławski, dolnośląskie",Smolec,,51.0747049,16.8839452
"ul. Pogodna, Lutynia, średzki, dolnośląskie",Lutynia,,52.1010434,17.506167
"ul. Przedszkolna, Gajków, wrocławski, dolnośląskie",Gajków,,51.0581885,17.1865315
"ul. Rozmarynowa, Osolin, trzebnicki, dolnośląskie",Osolin,,51.3423726,16.8467905
"ul. Różana, Pruszowice, wrocławski, dolnośląskie",Pruszowice,51-217,51.1875643,17.1341209
"ul. Sportowa, Ozorowice, trzebnicki, dolnośląskie",Ozorowice,,51.2378538,16.9798831
"ul. Starowiejska, Smolec, wrocławski, dolnośląskie",Smolec,,51.0747049,16.8839452
"ul. Szafirowa, Oleśnica, oleśnicki, dolnośląskie",Oleśnica,56-400,51.2095314,17.3804559
"ul. Szmaragdowa, Dobrzykowice, wrocławski, dolnośląskie",Dobrzykowice,,51.093811,17.190866
"ul. Trzebnicka, Golędzinów, trzebnicki, dolnośląskie",Golędzinów,,51.2681253,16.9243584
"ul. Wilczycka, Wilczyce, wrocławski, dolnośląskie",Wilczyce,51-361,51.1301747,17.1535304
"ul. Wiosenna, Kryniczno, trzebnicki, dolnośląskie",Kryniczno,,51.2074747,17.0394225
"ul. Wiosenna, Zawonia, trzebnicki, dolnośląskie",Zawonia,,51.3156477,17.196555
"ul. Wiśniowa, Wilkszyn, średzki, dolnośląskie",Wilkszyn,,51.1912884,16.8652332
"ul. Wrocławska, Trzebnica, trzebnicki, dolnośląskie",Trzebnica,55-100,51.3096424,17.062596
"ul. Wschodnia, Długołęka, wrocławski, dolnośląskie",Długołęka,,51.1743484,17.1933513
"ul. Zacisze, Lubnów, trzebnicki, dolnośląskie",Lubnów,,51.2628931,16.8854641
"ul. Zacisze, Smolec, wrocławski, dolnośląskie",Smolec,,51.0747049,16.8839452
"ul. Złota, Kobylice, trzebnicki, dolnośląskie",Kobylice,,51.3388435,17.0893349
"ul. kard. Stefana Wyszyńskiego, Osolin, trzebnicki, dolnośląskie",Osolin,,51.3423726,16.8467905
"ul. ks. Henryka Oziewicza, Chrząstawa Mała, wrocławski, dolnośląskie",Chrząstawa Mała,,51.081932,17.281738
"ul. Łąkowa, Piotrkowiczki, trzebnicki, dolnośląskie",Piotrkowiczki,,51.268959,17.025697
"ul. Żmigrodzka, Prusice, trzebnicki, dolnośląskie",Prusice,,51.3707663,16.9626816
"ul.Kazimierza Jagiellończyka nr 11, Oborniki Śląskie, trzebnicki, dolnośląskie",Oborniki Śląskie,55-120,51.300704,16.9125929
"ul.Wąska, Lutynia, średzki, dolnośląskie",Lutynia,,52.1010434,17.506167
"ulica Malinowa, Ligota Piękna, trzebnicki, dolnośląskie",Ligota Piękna,55-114,51.2327723,17.0454379
"wielkopolskie, Dominowo, Dominowo",Dominowo,63-012,52.2915437,17.3565857
"wielkopolskie, Krzykosy, Garby",Garby,,52.1554287,17.2885731
"wielkopolskie, Krzykosy, Murzynowo Leśne",Murzynowo Leśne,,52.154676,17.3396886
"wielkopolskie, Krzykosy, Solec",Solec,,52.107257,17.3271339
"wielkopolskie, Krzykosy, Sulęcinek",Sulęcinek,63-023,52.1370616,17.3087457
"wielkopolskie, Nowe Miasto nad Wartą",Nowe Miasto nad Wartą,,52.0899632,17.4115406
"wielkopolskie, Nowe Miasto nad Wartą, Kruczyn",,,,
"wielkopolskie, Nowe Miasto nad Wartą, Utrata",,,,
"wielkopolskie, Nowe Miasto nad Wartą, średzki, Utrata",Nowe Miasto nad Wartą,,52.0899632,17.4115406
"wielkopolskie, Zaniemyśl, Jaszkowo",Jaszkowo,,52.2138868,17.1701546
"wielkopolskie, Zaniemyśl, Jeziory Małe",Jeziory Małe,,52.1673647,17.1484796
"wielkopolskie, Zaniemyśl, Lubonieczek",Lubonieczek,,52.1438431,17.1963247
"wielkopolskie, Zaniemyśl, Zaniemyśl",Zaniemyśl,63-020,52.1579942,17.1653998
"wielkopolskie, Zaniemyśl, Zwola",Zwola,,52.1448299,17.1594969
"wielkopolskie, Zaniemyśl, Łękno",Łękno,,52.1635951,17.1546664
"wielkopolskie, Środa Wielkopolska, Annopol",,,,
"wielkopolskie, Środa Wielkopolska, Brodowo",Brodowo,,52.1899087,17.31923
"wielkopolskie, Środa Wielkopolska, Czarne Piątkowo",Czarne Piątkowo,,52.1946058,17.4009068
"wielkopolskie, Środa Wielkopolska, Kijewo",Kijewo,,52.2074636,17.2817849
"wielkopolskie, Środa Wielkopolska, Topola",Topola,,52.2467485,17.2447511
"wielkopolskie, Środa Wielkopolska, Trzebisławki",Trzebisławki,,52.2476771,17.1389356
"wielkopolskie, Środa Wielkopolska, miasto Środa Wielkopolska, Paderewskiego",,63-000,52.2278395,17.2690194
"wielkopolskie, Środa Wielkopolska, miasto Środa Wielkopolska, Strzelecka",,63-000,52.2403787,17.273819
"wielkopolskie, Środa Wielkopolska, miasto Środa Wielkopolska, Wrzesińska",,63-000,52.2316519,17.2824158
"wielkopolskie, Środa Wielkopolska, Środa Wielkopolska",Środa Wielkopolska,63-000,52.2284266,17.277827
"wrocławski, Długołęka, dolnośląskie",Długołęka,,51.1743484,17.1933513
"wrocławski, Żórawina, dolnośląskie",Żórawina,55-020,50.9801213,17.0405147
"Łany, Czernica, dolnośląskie",Łany,,51.0833919,17.1588279
"Łany, wrocławski, dolnośląskie",Łany,,51.0833919,17.1588279
"Łany, Łany, wrocławski, dolnośląskie",Łany,,51.0833919,17.1588279
"Łazy Małe, milicki, Dolnośląskie",,56-321,51.4076064,17.2795857
"Łazy Wielkie, Krośnice, milicki, dolnośląskie",,56-320,51.4747222,17.38
"Łazy Wielkie, milicki, Dolnośląskie",Łazy Wielkie,,51.4145819,17.2985622
"Łazy Wielkie, milicki, dolnośląskie",Łazy Wielkie,,51.4145819,17.2985622
"Łozina, Długołęka, dolnośląskie",Łozina,,51.2329899,17.1749245
"Łozina, wrocławski, dolnośląskie",Łozina,,51.2329899,17.1749245
"Łuczyna, Dobroszyce, dolnośląskie",Łuczyna,,51.2986644,17.2826743
"Łuczyna, oleśnicki, Dolnośląskie",Łuczyna,,51.2986644,17.2826743
"Łuczyna, oleśnicki, dolnośląskie",Łuczyna,,51.2986644,17.2826743
"Łuczyna, Łuczyna, oleśnicki, dolnośląskie",Łuczyna,,51.2986644,17.2826743
"Łąki, milicki, Dolnośląskie",Łąki,,51.4919957,17.1453325390414
"Łękno, Zaniemyśl, wielkopolskie",Łękno,,52.1635951,17.1546664
"Śliwice, wrocławski, Dolnośląskie",Śliwice,,51.1273013,17.2133892
"Ślęza, Kobierzyce, dolnośląskie",,54-144,50.8850813,16.912674
"Środa Wielkopolska, wielkopolskie",Środa Wielkopolska,63-000,52.2284266,17.277827
"Środa Śląska, dolnośląskie",Środa Śląska,55-300,51.1638967,16.5942689
"Świebodów, milicki, dolnośląskie",Świebodów,,51.46756,17.2998
"Świerzna, oleśnicki, Dolnośląskie",,56-400,51.186647,17.4259504
"Świerzów, trzebnicki, Dolnośląskie",Świerzów,,51.3371,16.946563
"Świerzów, trzebnicki, dolnośląskie",Świerzów,,51.3371,16.946563
"Świątniki, trzebnicki, dolnośląskie",Świątniki,,51.3037585,17.1006713
"Święta Katarzyna, Siechnice, dolnośląskie",Święta Katarzyna,55-010,51.025511,17.1156829
"średzki, Miękinia, dolnośląskie",Miękinia,,51.190964,16.7386851
"św. Jadwigi, Wilczyn, trzebnicki, dolnośląskie",Wilczyn,,51.285838,16.956929
"Źródła, Miękinia, dolnośląskie",Źródła,,51.1605077,16.7245888
"Źródła, Miękinia, średzki, dolnośląskie",Miękinia,,51.190964,16.7386851
"Źródła, średzki, dolnośląskie",Źródła,,51.1605077,16.7245888
"Źródła, Źródła, średzki, dolnośląskie",Źródła,,51.1605077,16.7245888
"Żerków, wołowski, Dolnośląskie",Żerków,,51.2975676,16.7014598
"Żerniki Wrocławskie, Siechnice, dolnośląskie",Żerniki Wrocławskie,52-050,51.0328526,17.0569906
"Żmigród, trzebnicki, Dolnośląskie",Żmigród,,51.4717386,16.9082719
"Żmigród, trzebnicki, dolnośląskie",Żmigród,,51.4717386,16.9082719
"Żmigródek, trzebnicki, Dolnośląskie",Żmigródek,55-140,51.486014,16.915811
"Żurawiniec, Krępice, średzki, dolnośląskie",Żurawiniec,,51.175549,16.814619
"Żurawiniec, Miękinia, dolnośląskie",Żurawiniec,,51.175549,16.814619
"Żurawiniec, średzki, Dolnośląskie",Żurawiniec,,51.175549,16.814619
"Żurawiniec, średzki, dolnośląskie",Żurawiniec,,51.175549,16.814619
"Żórawina, dolnośląskie",Żórawina,55-020,50.9801213,17.0405147
